Id,Label,timeset,twitter_type,lat,lng,place_country,place_type,place_fullname,place_name,created_at,lang,possibly_sensitive,quoted_status_permalink,description,email,profile_image,friends_count,followers_count,real_name,location,emoji_alias,emoji_html_decimal,emoji_utf8,Eccentricity,closnesscentrality,harmonicclosnesscentrality,betweenesscentrality,modularity_class
"#ruleoflaw","#ruleoflaw","<[2020-10-15T20:21:45.816Z, 2020-10-15T20:22:31.489Z, 2020-10-15T20:23:58.423Z, 2020-10-15T20:33:54.006Z, 2020-10-15T20:44:03.298Z, 2020-10-15T20:49:02.747Z, 2020-10-15T21:05:52.720Z, 2020-10-15T21:10:44.356Z, 2020-10-15T21:17:28.762Z]>",Hashtag,,,,,,,,,,,,,,,,,,,,,2,0.511628,0.522727,0,26
"#amyconeybarrett","#amyconeybarrett","<[2020-10-15T20:21:45.816Z, 2020-10-15T20:22:21.786Z, 2020-10-15T20:22:31.489Z, 2020-10-15T20:23:19.736Z, 2020-10-15T20:23:34.560Z, 2020-10-15T20:23:58.423Z, 2020-10-15T20:26:57.188Z, 2020-10-15T20:29:04.614Z, 2020-10-15T20:29:39.436Z, 2020-10-15T20:33:15.974Z, 2020-10-15T20:33:23.074Z, 2020-10-15T20:33:25.327Z, 2020-10-15T20:33:29.990Z, 2020-10-15T20:33:54.006Z, 2020-10-15T20:36:03.718Z, 2020-10-15T20:36:54.563Z, 2020-10-15T20:36:57.777Z, 2020-10-15T20:38:12.850Z, 2020-10-15T20:38:12.935Z, 2020-10-15T20:38:44.312Z, 2020-10-15T20:39:28.965Z, 2020-10-15T20:40:06.472Z, 2020-10-15T20:40:12.554Z, 2020-10-15T20:40:59.845Z, 2020-10-15T20:41:12.508Z, 2020-10-15T20:41:14.685Z, 2020-10-15T20:41:18.865Z, 2020-10-15T20:41:37.871Z, 2020-10-15T20:41:43.018Z, 2020-10-15T20:42:21.411Z, 2020-10-15T20:43:05.423Z, 2020-10-15T20:43:19.225Z, 2020-10-15T20:43:30.787Z, 2020-10-15T20:44:03.298Z, 2020-10-15T20:44:46.240Z, 2020-10-15T20:44:49.763Z, 2020-10-15T20:44:55.686Z, 2020-10-15T20:46:22.308Z, 2020-10-15T20:47:39.882Z, 2020-10-15T20:47:54.086Z, 2020-10-15T20:48:52.950Z, 2020-10-15T20:49:02.747Z, 2020-10-15T20:49:14.086Z, 2020-10-15T20:50:01.014Z, 2020-10-15T20:50:23.945Z, 2020-10-15T20:50:26.263Z, 2020-10-15T20:50:43.975Z, 2020-10-15T20:52:17.259Z, 2020-10-15T20:53:03.587Z, 2020-10-15T20:55:16.651Z, 2020-10-15T20:57:28.456Z, 2020-10-15T21:00:24.403Z, 2020-10-15T21:00:41.291Z, 2020-10-15T21:01:35.871Z, 2020-10-15T21:04:37.412Z, 2020-10-15T21:05:48.288Z, 2020-10-15T21:05:52.720Z, 2020-10-15T21:07:10.823Z, 2020-10-15T21:07:45.835Z, 2020-10-15T21:08:14.518Z, 2020-10-15T21:08:41.545Z, 2020-10-15T21:10:28.902Z, 2020-10-15T21:10:44.356Z, 2020-10-15T21:11:43.517Z, 2020-10-15T21:13:25.369Z, 2020-10-15T21:14:18.407Z, 2020-10-15T21:14:30.856Z, 2020-10-15T21:14:33.948Z, 2020-10-15T21:15:17.322Z, 2020-10-15T21:17:28.762Z, 2020-10-15T21:17:39.780Z, 2020-10-15T21:17:51.461Z, 2020-10-15T21:17:51.601Z]>",Hashtag,,,,,,,,,,,,,,,,,,,,,1,1,1,137,26
"#votebluedownballot","#votebluedownballot","<[2020-10-15T20:22:06.514Z, 2020-10-15T20:37:21.538Z, 2020-10-15T21:04:14.492Z, 2020-10-15T21:15:43.991Z]>",Hashtag,,,,,,,,,,,,,,,,,,,,,1,1,1,0,16
"#trumpvirus","#trumpvirus",<[2020-10-15T20:22:06.514Z]>,Hashtag,,,,,,,,,,,,,,,,,,,,,1,1,1,0,16
"#foxnews","#foxnews",<[2020-10-15T20:22:07.653Z]>,Hashtag,,,,,,,,,,,,,,,,,,,,,1,1,1,0,10
"#scotushearings","#scotushearings","<[2020-10-15T20:22:07.653Z, 2020-10-15T20:25:38.608Z, 2020-10-15T20:33:23.074Z, 2020-10-15T20:33:54.161Z, 2020-10-15T20:40:50.078Z, 2020-10-15T20:44:33.493Z, 2020-10-15T20:44:46.240Z, 2020-10-15T20:47:19.774Z, 2020-10-15T20:47:32.253Z, 2020-10-15T20:47:36.057Z, 2020-10-15T20:47:46.212Z, 2020-10-15T20:48:36.957Z, 2020-10-15T20:49:45.412Z, 2020-10-15T20:49:59.846Z, 2020-10-15T20:50:02.295Z, 2020-10-15T20:50:27.053Z, 2020-10-15T20:52:06.400Z, 2020-10-15T20:52:12.407Z, 2020-10-15T20:52:49.148Z, 2020-10-15T20:56:19.340Z, 2020-10-15T20:56:49.165Z, 2020-10-15T21:00:06.279Z, 2020-10-15T21:01:13.650Z, 2020-10-15T21:08:37.313Z, 2020-10-15T21:15:17.322Z]>",Hashtag,,,,,,,,,,,,,,,,,,,,,1,1,1,0,10
"#jaimeharrison","#jaimeharrison","<[2020-10-15T20:22:08.672Z, 2020-10-15T21:17:39.177Z]>",Hashtag,,,,,,,,,,,,,,,,,,,,,1,1,1,0,0
"#covid_19","#covid_19",<[2020-10-15T20:22:08.672Z]>,Hashtag,,,,,,,,,,,,,,,,,,,,,1,1,1,0,0
"#trump","#trump","<[2020-10-15T20:22:20.186Z, 2020-10-15T20:28:29.185Z, 2020-10-15T20:29:53.569Z, 2020-10-15T20:33:54.161Z, 2020-10-15T20:36:54.563Z, 2020-10-15T20:42:21.411Z, 2020-10-15T20:44:55.686Z, 2020-10-15T20:52:21.101Z, 2020-10-15T20:58:07.403Z, 2020-10-15T21:04:52.482Z, 2020-10-15T21:13:22.139Z, 2020-10-15T21:13:49.828Z]>",Hashtag,,,,,,,,,,,,,,,,,,,,,1,1,1,0,17
"#lyndseygraham","#lyndseygraham",<[2020-10-15T20:22:20.186Z]>,Hashtag,,,,,,,,,,,,,,,,,,,,,1,1,1,0,17
"#ca37","#ca37",<[2020-10-15T20:22:20.761Z]>,Hashtag,,,,,,,,,,,,,,,,,,,,,1,1,1,0,1
"#capolitics","#capolitics","<[2020-10-15T20:22:20.761Z, 2020-10-15T21:05:36.067Z]>",Hashtag,,,,,,,,,,,,,,,,,,,,,1,1,1,0,1
"#capol","#capol","<[2020-10-15T20:22:20.761Z, 2020-10-15T21:05:36.067Z]>",Hashtag,,,,,,,,,,,,,,,,,,,,,1,1,1,0,1
"#lgbtq","#lgbtq","<[2020-10-15T20:22:21.786Z, 2020-10-15T20:48:13.751Z]>",Hashtag,,,,,,,,,,,,,,,,,,,,,2,0.52381,0.545455,0,5
"#dumphate","#dumphate",<[2020-10-15T20:22:21.786Z]>,Hashtag,,,,,,,,,,,,,,,,,,,,,2,0.52381,0.545455,0,5
"#rbg","#rbg","<[2020-10-15T20:22:24.044Z, 2020-10-15T20:30:16.641Z, 2020-10-15T20:36:17.520Z, 2020-10-15T21:13:13.059Z, 2020-10-15T21:13:25.369Z, 2020-10-15T21:17:51.461Z]>",Hashtag,,,,,,,,,,,,,,,,,,,,,1,1,1,0,19
"#freedomtoprotest","#freedomtoprotest",<[2020-10-15T20:22:24.044Z]>,Hashtag,,,,,,,,,,,,,,,,,,,,,1,1,1,0,19
"#repuglicans","#repuglicans",<[2020-10-15T20:22:45.230Z]>,Hashtag,,,,,,,,,,,,,,,,,,,,,1,1,1,0,2
"#fredsfailure","#fredsfailure",<[2020-10-15T20:22:45.230Z]>,Hashtag,,,,,,,,,,,,,,,,,,,,,1,1,1,0,2
"#reproductivefreedom","#reproductivefreedom",<[2020-10-15T20:22:48.557Z]>,Hashtag,,,,,,,,,,,,,,,,,,,,,1,1,1,0,3
"#roeact","#roeact",<[2020-10-15T20:22:48.557Z]>,Hashtag,,,,,,,,,,,,,,,,,,,,,1,1,1,0,3
"#backbecca","#backbecca",<[2020-10-15T20:22:48.557Z]>,Hashtag,,,,,,,,,,,,,,,,,,,,,1,1,1,0,3
"#truthbrigade","#truthbrigade","<[2020-10-15T20:22:59.461Z, 2020-10-15T21:14:41.908Z]>",Hashtag,,,,,,,,,,,,,,,,,,,,,1,1,1,0,4
"#wtpblue","#wtpblue","<[2020-10-15T20:22:59.461Z, 2020-10-15T21:14:41.908Z]>",Hashtag,,,,,,,,,,,,,,,,,,,,,1,1,1,0,4
"#onev1","#onev1","<[2020-10-15T20:22:59.461Z, 2020-10-15T21:14:41.908Z]>",Hashtag,,,,,,,,,,,,,,,,,,,,,1,1,1,0,4
"#demvoice1","#demvoice1","<[2020-10-15T20:22:59.461Z, 2020-10-15T21:14:41.908Z]>",Hashtag,,,,,,,,,,,,,,,,,,,,,1,1,1,0,4
"#bethechange4usa","#bethechange4usa","<[2020-10-15T20:22:59.461Z, 2020-10-15T21:14:41.908Z]>",Hashtag,,,,,,,,,,,,,,,,,,,,,1,1,1,0,4
"#daylightsavingstime","#daylightsavingstime","<[2020-10-15T20:23:19.736Z, 2020-10-15T20:26:57.188Z]>",Hashtag,,,,,,,,,,,,,,,,,,,,,2,0.578947,0.636364,0,5
"#daylightsavings","#daylightsavings","<[2020-10-15T20:23:19.736Z, 2020-10-15T20:26:57.188Z]>",Hashtag,,,,,,,,,,,,,,,,,,,,,2,0.578947,0.636364,0,5
"#aca","#aca","<[2020-10-15T20:23:19.736Z, 2020-10-15T20:26:57.188Z, 2020-10-15T20:33:43.371Z, 2020-10-15T20:33:47.357Z, 2020-10-15T20:43:01.395Z, 2020-10-15T20:45:56.385Z, 2020-10-15T20:46:46.629Z, 2020-10-15T21:02:38.845Z]>",Hashtag,,,,,,,,,,,,,,,,,,,,,2,0.578947,0.636364,0,5
"#affordablecareact","#affordablecareact","<[2020-10-15T20:23:19.736Z, 2020-10-15T20:26:57.188Z, 2020-10-15T20:48:13.751Z, 2020-10-15T21:08:37.313Z]>",Hashtag,,,,,,,,,,,,,,,,,,,,,2,0.578947,0.636364,0,5
"#roevwade","#roevwade","<[2020-10-15T20:23:19.736Z, 2020-10-15T20:26:57.188Z, 2020-10-15T20:59:52.344Z, 2020-10-15T21:00:50.520Z, 2020-10-15T21:02:23.080Z, 2020-10-15T21:03:04.244Z, 2020-10-15T21:04:02.197Z, 2020-10-15T21:05:30.686Z, 2020-10-15T21:06:09.415Z, 2020-10-15T21:07:26.367Z, 2020-10-15T21:08:44.823Z, 2020-10-15T21:09:51.232Z]>",Hashtag,,,,,,,,,,,,,,,,,,,,,2,0.578947,0.636364,0,5
"#abortion","#abortion","<[2020-10-15T20:23:19.736Z, 2020-10-15T20:26:57.188Z, 2020-10-15T21:10:50.528Z]>",Hashtag,,,,,,,,,,,,,,,,,,,,,2,0.578947,0.636364,0,5
"#true","#true",<[2020-10-15T20:23:34.560Z]>,Hashtag,,,,,,,,,,,,,,,,,,,,,2,0.709677,0.795455,0,21
"#american","#american",<[2020-10-15T20:23:34.560Z]>,Hashtag,,,,,,,,,,,,,,,,,,,,,2,0.709677,0.795455,0,21
"#leadership","#leadership",<[2020-10-15T20:23:34.560Z]>,Hashtag,,,,,,,,,,,,,,,,,,,,,2,0.709677,0.795455,0,21
"#compassionate","#compassionate",<[2020-10-15T20:23:34.560Z]>,Hashtag,,,,,,,,,,,,,,,,,,,,,2,0.709677,0.795455,0,21
"#leaders","#leaders",<[2020-10-15T20:23:34.560Z]>,Hashtag,,,,,,,,,,,,,,,,,,,,,2,0.709677,0.795455,0,21
"#incredible","#incredible",<[2020-10-15T20:23:34.560Z]>,Hashtag,,,,,,,,,,,,,,,,,,,,,2,0.709677,0.795455,0,21
"#republicans","#republicans","<[2020-10-15T20:23:34.560Z, 2020-10-15T20:52:58.819Z, 2020-10-15T21:04:52.482Z]>",Hashtag,,,,,,,,,,,,,,,,,,,,,2,0.709677,0.795455,0,21
"#rock","#rock",<[2020-10-15T20:23:34.560Z]>,Hashtag,,,,,,,,,,,,,,,,,,,,,2,0.709677,0.795455,0,21
"#please","#please",<[2020-10-15T20:23:34.560Z]>,Hashtag,,,,,,,,,,,,,,,,,,,,,2,0.709677,0.795455,0,21
"#confirmacb","#confirmacb","<[2020-10-15T20:23:34.560Z, 2020-10-15T20:27:26.591Z, 2020-10-15T20:28:48.031Z, 2020-10-15T20:33:23.074Z, 2020-10-15T20:39:28.965Z, 2020-10-15T20:42:30.031Z, 2020-10-15T20:42:39.333Z, 2020-10-15T20:43:05.423Z, 2020-10-15T20:46:30.279Z, 2020-10-15T20:50:21.251Z, 2020-10-15T20:50:26.263Z, 2020-10-15T20:50:35.190Z, 2020-10-15T20:52:17.259Z, 2020-10-15T20:53:03.587Z, 2020-10-15T21:04:37.412Z, 2020-10-15T21:10:47.695Z, 2020-10-15T21:15:07.414Z]>",Hashtag,,,,,,,,,,,,,,,,,,,,,2,0.709677,0.795455,0,13
"#thanks","#thanks",<[2020-10-15T20:23:34.560Z]>,Hashtag,,,,,,,,,,,,,,,,,,,,,2,0.709677,0.795455,0,21
"#future","#future","<[2020-10-15T20:23:34.560Z, 2020-10-15T20:36:13.910Z]>",Hashtag,,,,,,,,,,,,,,,,,,,,,2,0.709677,0.795455,0,21
"#usa","#usa","<[2020-10-15T20:23:34.560Z, 2020-10-15T20:43:19.225Z, 2020-10-15T21:04:16.130Z]>",Hashtag,,,,,,,,,,,,,,,,,,,,,2,0.709677,0.795455,0,21
"#voteblue","#voteblue","<[2020-10-15T20:23:44.118Z, 2020-10-15T21:02:05.272Z]>",Hashtag,,,,,,,,,,,,,,,,,,,,,1,1,1,0,6
"#erictrumpukrainescandal","#erictrumpukrainescandal",<[2020-10-15T20:23:44.118Z]>,Hashtag,,,,,,,,,,,,,,,,,,,,,1,1,1,0,6
"#trumpliedamericansdied","#trumpliedamericansdied",<[2020-10-15T20:23:44.118Z]>,Hashtag,,,,,,,,,,,,,,,,,,,,,1,1,1,0,6
"#gopcourtpacking","#gopcourtpacking",<[2020-10-15T20:24:06.946Z]>,Hashtag,,,,,,,,,,,,,,,,,,,,,0,0,0,0,7
"#unqualified","#unqualified",<[2020-10-15T20:24:06.946Z]>,Hashtag,,,,,,,,,,,,,,,,,,,,,0,0,0,0,7
"#1stamendment","#1stamendment",<[2020-10-15T20:24:06.946Z]>,Hashtag,,,,,,,,,,,,,,,,,,,,,0,0,0,0,7
"#treasonoustrump","#treasonoustrump",<[2020-10-15T20:24:06.946Z]>,Hashtag,,,,,,,,,,,,,,,,,,,,,0,0,0,0,7
"#gopvotersuppression","#gopvotersuppression",<[2020-10-15T20:24:06.946Z]>,Hashtag,,,,,,,,,,,,,,,,,,,,,0,0,0,0,7
"#constitutionalrights","#constitutionalrights",<[2020-10-15T20:24:06.946Z]>,Hashtag,,,,,,,,,,,,,,,,,,,,,0,0,0,0,7
"#breaking","#breaking","<[2020-10-15T20:24:28.349Z, 2020-10-15T20:32:07.090Z, 2020-10-15T21:08:10.830Z]>",Hashtag,,,,,,,,,,,,,,,,,,,,,0,0,0,0,8
"#roberts","#roberts","<[2020-10-15T20:24:28.349Z, 2020-10-15T20:32:07.090Z, 2020-10-15T21:08:10.830Z]>",Hashtag,,,,,,,,,,,,,,,,,,,,,0,0,0,0,8
"#takebackthesenate","#takebackthesenate",<[2020-10-15T20:25:03.157Z]>,Hashtag,,,,,,,,,,,,,,,,,,,,,0,0,0,0,26
"#bidenharris","#bidenharris","<[2020-10-15T20:25:03.157Z, 2020-10-15T20:33:23.074Z, 2020-10-15T20:41:18.594Z]>",Hashtag,,,,,,,,,,,,,,,,,,,,,0,0,0,0,26
"#gopcorruptionovercountry","#gopcorruptionovercountry","<[2020-10-15T20:25:03.157Z, 2020-10-15T20:51:05.993Z, 2020-10-15T21:04:14.492Z]>",Hashtag,,,,,,,,,,,,,,,,,,,,,0,0,0,0,26
"#sasse","#sasse","<[2020-10-15T20:25:03.157Z, 2020-10-15T20:29:53.569Z]>",Hashtag,,,,,,,,,,,,,,,,,,,,,0,0,0,0,26
"#disability","#disability",<[2020-10-15T20:25:34.449Z]>,Hashtag,,,,,,,,,,,,,,,,,,,,,0,0,0,0,9
"#ada","#ada",<[2020-10-15T20:25:34.449Z]>,Hashtag,,,,,,,,,,,,,,,,,,,,,0,0,0,0,9
"#acb","#acb","<[2020-10-15T20:25:35.278Z, 2020-10-15T20:27:26.591Z, 2020-10-15T20:28:48.031Z, 2020-10-15T20:35:36.197Z, 2020-10-15T20:37:08.214Z, 2020-10-15T20:45:26.284Z, 2020-10-15T20:48:24.376Z, 2020-10-15T20:51:38.247Z, 2020-10-15T20:52:21.101Z, 2020-10-15T20:53:19.241Z, 2020-10-15T21:00:05.413Z, 2020-10-15T21:08:41.545Z, 2020-10-15T21:08:48.528Z, 2020-10-15T21:10:47.695Z, 2020-10-15T21:15:07.414Z]>",Hashtag,,,,,,,,,,,,,,,,,,,,,0,0,0,0,13
"#promiseskept","#promiseskept",<[2020-10-15T20:25:35.278Z]>,Hashtag,,,,,,,,,,,,,,,,,,,,,0,0,0,0,16
"#peacepotus","#peacepotus",<[2020-10-15T20:25:35.278Z]>,Hashtag,,,,,,,,,,,,,,,,,,,,,0,0,0,0,16
"#lawandorder","#lawandorder",<[2020-10-15T20:25:35.278Z]>,Hashtag,,,,,,,,,,,,,,,,,,,,,0,0,0,0,16
"#maga","#maga","<[2020-10-15T20:25:35.278Z, 2020-10-15T20:53:26.717Z, 2020-10-15T21:02:15.607Z, 2020-10-15T21:05:09.466Z]>",Hashtag,,,,,,,,,,,,,,,,,,,,,0,0,0,0,16
"#election2020","#election2020","<[2020-10-15T20:25:35.278Z, 2020-10-15T20:34:10.989Z, 2020-10-15T20:52:06.262Z, 2020-10-15T21:12:44.055Z]>",Hashtag,,,,,,,,,,,,,,,,,,,,,0,0,0,0,16
"#foxandfriends","#foxandfriends","<[2020-10-15T20:25:38.608Z, 2020-10-15T20:40:50.078Z, 2020-10-15T20:41:46.996Z, 2020-10-15T20:44:33.493Z, 2020-10-15T20:47:19.774Z, 2020-10-15T20:47:32.253Z, 2020-10-15T20:47:36.057Z, 2020-10-15T20:47:46.212Z, 2020-10-15T20:48:36.957Z, 2020-10-15T20:49:45.412Z, 2020-10-15T20:49:59.846Z, 2020-10-15T20:50:02.295Z, 2020-10-15T20:50:27.053Z, 2020-10-15T20:52:06.400Z, 2020-10-15T20:52:12.407Z, 2020-10-15T20:52:49.148Z, 2020-10-15T20:56:19.340Z, 2020-10-15T21:01:13.650Z]>",Hashtag,,,,,,,,,,,,,,,,,,,,,0,0,0,0,10
"#morningjoe","#morningjoe","<[2020-10-15T20:25:38.608Z, 2020-10-15T20:40:50.078Z, 2020-10-15T20:41:46.996Z, 2020-10-15T20:44:33.493Z, 2020-10-15T20:47:19.774Z, 2020-10-15T20:47:32.253Z, 2020-10-15T20:47:36.057Z, 2020-10-15T20:47:46.212Z, 2020-10-15T20:48:36.957Z, 2020-10-15T20:49:45.412Z, 2020-10-15T20:49:59.846Z, 2020-10-15T20:50:02.295Z, 2020-10-15T20:50:27.053Z, 2020-10-15T20:52:06.400Z, 2020-10-15T20:52:12.407Z, 2020-10-15T20:52:49.148Z, 2020-10-15T20:56:19.340Z, 2020-10-15T21:01:13.650Z]>",Hashtag,,,,,,,,,,,,,,,,,,,,,0,0,0,0,10
"#wednesdaythoughts","#wednesdaythoughts","<[2020-10-15T20:25:38.608Z, 2020-10-15T20:40:50.078Z]>",Hashtag,,,,,,,,,,,,,,,,,,,,,0,0,0,0,10
"#ccot","#ccot","<[2020-10-15T20:25:38.608Z, 2020-10-15T20:40:50.078Z, 2020-10-15T20:44:33.493Z, 2020-10-15T20:47:19.774Z, 2020-10-15T20:47:32.253Z, 2020-10-15T20:47:36.057Z, 2020-10-15T20:47:46.212Z, 2020-10-15T20:48:36.957Z, 2020-10-15T20:49:45.412Z, 2020-10-15T20:49:59.846Z, 2020-10-15T20:50:02.295Z, 2020-10-15T20:50:27.053Z, 2020-10-15T20:52:06.400Z, 2020-10-15T20:52:12.407Z, 2020-10-15T20:52:49.148Z, 2020-10-15T20:56:19.340Z, 2020-10-15T21:01:13.650Z]>",Hashtag,,,,,,,,,,,,,,,,,,,,,0,0,0,0,10
"#gophypocrisy","#gophypocrisy","<[2020-10-15T20:25:58.702Z, 2020-10-15T20:48:52.950Z, 2020-10-15T21:12:34.210Z]>",Hashtag,,,,,,,,,,,,,,,,,,,,,0,0,0,0,26
"#goppowerovercountry","#goppowerovercountry",<[2020-10-15T20:25:58.702Z]>,Hashtag,,,,,,,,,,,,,,,,,,,,,0,0,0,0,26
"#republikkklans","#republikkklans",<[2020-10-15T20:26:49.852Z]>,Hashtag,,,,,,,,,,,,,,,,,,,,,0,0,0,0,11
"#russiacyberarmy","#russiacyberarmy",<[2020-10-15T20:26:49.852Z]>,Hashtag,,,,,,,,,,,,,,,,,,,,,0,0,0,0,11
"#flipthesenateblue","#flipthesenateblue","<[2020-10-15T20:26:54.196Z, 2020-10-15T20:33:09.950Z, 2020-10-15T20:50:47.984Z, 2020-10-15T21:09:19.776Z]>",Hashtag,,,,,,,,,,,,,,,,,,,,,0,0,0,0,12
"#lindseygrahamislosing","#lindseygrahamislosing","<[2020-10-15T20:26:54.196Z, 2020-10-15T21:17:39.177Z]>",Hashtag,,,,,,,,,,,,,,,,,,,,,0,0,0,0,12
"#jamieharrison4senate","#jamieharrison4senate",<[2020-10-15T20:26:54.196Z]>,Hashtag,,,,,,,,,,,,,,,,,,,,,0,0,0,0,12
"#moscowmitch","#moscowmitch","<[2020-10-15T20:26:54.196Z, 2020-10-15T20:33:09.950Z, 2020-10-15T20:37:44.309Z, 2020-10-15T20:41:03.058Z, 2020-10-15T20:42:15.928Z, 2020-10-15T20:57:04.726Z, 2020-10-15T21:04:14.492Z, 2020-10-15T21:05:42.505Z]>",Hashtag,,,,,,,,,,,,,,,,,,,,,0,0,0,0,12
"#crookedjoebiden","#crookedjoebiden","<[2020-10-15T20:27:19.354Z, 2020-10-15T20:33:23.074Z, 2020-10-15T20:41:26.432Z, 2020-10-15T21:07:38.825Z, 2020-10-15T21:15:56.980Z]>",Hashtag,,,,,,,,,,,,,,,,,,,,,0,0,0,0,26
"#filltheseat","#filltheseat","<[2020-10-15T20:27:19.354Z, 2020-10-15T20:35:27.178Z, 2020-10-15T20:51:38.247Z]>",Hashtag,,,,,,,,,,,,,,,,,,,,,0,0,0,0,13
"#voteredtosaveamerica","#voteredtosaveamerica","<[2020-10-15T20:27:19.354Z, 2020-10-15T21:00:28.338Z, 2020-10-15T21:02:15.607Z]>",Hashtag,,,,,,,,,,,,,,,,,,,,,0,0,0,0,16
"#barrett","#barrett","<[2020-10-15T20:27:26.591Z, 2020-10-15T20:28:48.031Z, 2020-10-15T20:58:03.859Z, 2020-10-15T21:12:44.055Z, 2020-10-15T21:15:08.056Z]>",Hashtag,,,,,,,,,,,,,,,,,,,,,0,0,0,0,13
"#sharp","#sharp","<[2020-10-15T20:27:26.591Z, 2020-10-15T20:28:48.031Z]>",Hashtag,,,,,,,,,,,,,,,,,,,,,0,0,0,0,13
"#accurate","#accurate","<[2020-10-15T20:27:26.591Z, 2020-10-15T20:28:48.031Z]>",Hashtag,,,,,,,,,,,,,,,,,,,,,0,0,0,0,13
"#judgebarrett","#judgebarrett","<[2020-10-15T20:27:26.591Z, 2020-10-15T20:28:48.031Z, 2020-10-15T20:50:21.251Z]>",Hashtag,,,,,,,,,,,,,,,,,,,,,0,0,0,0,13
"#barrettfirearms","#barrettfirearms","<[2020-10-15T20:27:26.591Z, 2020-10-15T20:28:48.031Z]>",Hashtag,,,,,,,,,,,,,,,,,,,,,0,0,0,0,13
"#mrad","#mrad","<[2020-10-15T20:27:26.591Z, 2020-10-15T20:28:48.031Z]>",Hashtag,,,,,,,,,,,,,,,,,,,,,0,0,0,0,13
"#tightgroups","#tightgroups","<[2020-10-15T20:27:26.591Z, 2020-10-15T20:28:48.031Z]>",Hashtag,,,,,,,,,,,,,,,,,,,,,0,0,0,0,13
"#andpacs","#andpacs",<[2020-10-15T20:27:50.877Z]>,Hashtag,,,,,,,,,,,,,,,,,,,,,0,0,0,0,14
"#andrichfuckers","#andrichfuckers",<[2020-10-15T20:27:50.877Z]>,Hashtag,,,,,,,,,,,,,,,,,,,,,0,0,0,0,14
"#amyisunfit","#amyisunfit",<[2020-10-15T20:28:09.522Z]>,Hashtag,,,,,,,,,,,,,,,,,,,,,0,0,0,0,15
"#unfitamy","#unfitamy","<[2020-10-15T20:28:09.522Z, 2020-10-15T20:28:52.785Z]>",Hashtag,,,,,,,,,,,,,,,,,,,,,0,0,0,0,15
"#democrats","#democrats","<[2020-10-15T20:28:27.233Z, 2020-10-15T20:41:44.372Z, 2020-10-15T20:52:17.259Z, 2020-10-15T20:53:03.587Z, 2020-10-15T21:16:14.592Z]>",Hashtag,,,,,,,,,,,,,,,,,,,,,0,0,0,0,40
"#twitter","#twitter",<[2020-10-15T20:28:27.233Z]>,Hashtag,,,,,,,,,,,,,,,,,,,,,0,0,0,0,17
"#jackdorseysucks","#jackdorseysucks",<[2020-10-15T20:28:27.233Z]>,Hashtag,,,,,,,,,,,,,,,,,,,,,0,0,0,0,17
"#trump2020","#trump2020","<[2020-10-15T20:28:27.233Z, 2020-10-15T20:29:40.256Z, 2020-10-15T20:33:54.161Z, 2020-10-15T20:34:10.989Z, 2020-10-15T20:34:37.293Z, 2020-10-15T20:39:20.898Z, 2020-10-15T20:41:26.432Z, 2020-10-15T20:49:08.594Z, 2020-10-15T20:51:14.611Z, 2020-10-15T20:52:12.342Z, 2020-10-15T20:57:05.272Z, 2020-10-15T21:00:28.338Z, 2020-10-15T21:04:45.826Z, 2020-10-15T21:05:09.466Z, 2020-10-15T21:07:45.835Z, 2020-10-15T21:10:44.751Z, 2020-10-15T21:10:45.017Z, 2020-10-15T21:14:36.819Z]>",Hashtag,,,,,,,,,,,,,,,,,,,,,0,0,0,0,17
"#new","#new","<[2020-10-15T20:28:29.185Z, 2020-10-15T21:13:22.139Z, 2020-10-15T21:13:49.828Z]>",Hashtag,,,,,,,,,,,,,,,,,,,,,0,0,0,0,17
"#census2020","#census2020","<[2020-10-15T20:28:29.185Z, 2020-10-15T21:13:22.139Z]>",Hashtag,,,,,,,,,,,,,,,,,,,,,0,0,0,0,17
"#trumpisalaughingstock","#trumpisalaughingstock","<[2020-10-15T20:28:33.274Z, 2020-10-15T20:38:02.471Z, 2020-10-15T21:16:39.144Z]>",Hashtag,,,,,,,,,,,,,,,,,,,,,0,0,0,0,17
"#scotusnomination","#scotusnomination","<[2020-10-15T20:28:33.274Z, 2020-10-15T20:29:32.763Z]>",Hashtag,,,,,,,,,,,,,,,,,,,,,0,0,0,0,17
"#scotushearing","#scotushearing","<[2020-10-15T20:28:33.274Z, 2020-10-15T20:33:43.371Z, 2020-10-15T20:33:54.161Z, 2020-10-15T20:34:03.534Z, 2020-10-15T20:36:06.941Z, 2020-10-15T20:38:12.935Z, 2020-10-15T20:39:20.544Z, 2020-10-15T20:42:26.453Z, 2020-10-15T20:44:20.327Z, 2020-10-15T20:46:08.454Z, 2020-10-15T20:46:13.503Z, 2020-10-15T20:48:23.938Z, 2020-10-15T20:49:07.210Z, 2020-10-15T20:53:30.397Z, 2020-10-15T20:57:17.932Z, 2020-10-15T21:00:05.413Z, 2020-10-15T21:00:41.291Z, 2020-10-15T21:01:35.871Z, 2020-10-15T21:07:10.823Z, 2020-10-15T21:17:12.745Z, 2020-10-15T21:17:39.780Z]>",Hashtag,,,,,,,,,,,,,,,,,,,,,0,0,0,0,17
"#scotussham","#scotussham",<[2020-10-15T20:28:33.274Z]>,Hashtag,,,,,,,,,,,,,,,,,,,,,0,0,0,0,17
"#covidiots","#covidiots",<[2020-10-15T20:28:33.274Z]>,Hashtag,,,,,,,,,,,,,,,,,,,,,0,0,0,0,17
"#supremecourtconfirmation","#supremecourtconfirmation","<[2020-10-15T20:28:33.274Z, 2020-10-15T20:45:26.284Z]>",Hashtag,,,,,,,,,,,,,,,,,,,,,0,0,0,0,17
"#amyisaliar","#amyisaliar",<[2020-10-15T20:28:52.785Z]>,Hashtag,,,,,,,,,,,,,,,,,,,,,0,0,0,0,15
"#mcconnell","#mcconnell","<[2020-10-15T20:29:04.614Z, 2020-10-15T20:46:22.308Z]>",Hashtag,,,,,,,,,,,,,,,,,,,,,0,0,0,0,26
"#votethemallout","#votethemallout","<[2020-10-15T20:29:32.763Z, 2020-10-15T20:37:21.538Z, 2020-10-15T20:52:06.262Z, 2020-10-15T20:52:41.153Z, 2020-10-15T20:56:30.682Z, 2020-10-15T21:09:19.776Z]>",Hashtag,,,,,,,,,,,,,,,,,,,,,0,0,0,0,16
"#supremecourt","#supremecourt","<[2020-10-15T20:29:39.436Z, 2020-10-15T20:42:47.964Z, 2020-10-15T20:43:30.787Z, 2020-10-15T20:44:49.763Z, 2020-10-15T20:45:26.687Z, 2020-10-15T20:55:16.651Z, 2020-10-15T21:05:48.288Z, 2020-10-15T21:14:18.407Z, 2020-10-15T21:14:33.948Z]>",Hashtag,,,,,,,,,,,,,,,,,,,,,0,0,0,0,26
"#presidentt","#presidentt","<[2020-10-15T20:29:40.256Z, 2020-10-15T20:51:14.611Z, 2020-10-15T20:52:12.342Z, 2020-10-15T20:57:05.272Z, 2020-10-15T21:04:45.826Z, 2020-10-15T21:10:44.751Z, 2020-10-15T21:10:45.017Z, 2020-10-15T21:14:36.819Z]>",Hashtag,,,,,,,,,,,,,,,,,,,,,0,0,0,0,17
"#californiafortrump","#californiafortrump","<[2020-10-15T20:29:40.256Z, 2020-10-15T20:51:14.611Z, 2020-10-15T20:52:12.342Z, 2020-10-15T20:57:05.272Z, 2020-10-15T21:04:45.826Z, 2020-10-15T21:10:44.751Z, 2020-10-15T21:10:45.017Z, 2020-10-15T21:14:36.819Z]>",Hashtag,,,,,,,,,,,,,,,,,,,,,0,0,0,0,17
"#californiaisred","#californiaisred","<[2020-10-15T20:29:40.256Z, 2020-10-15T20:51:14.611Z, 2020-10-15T20:52:12.342Z, 2020-10-15T20:57:05.272Z, 2020-10-15T21:04:45.826Z, 2020-10-15T21:10:44.751Z, 2020-10-15T21:10:45.017Z, 2020-10-15T21:14:36.819Z]>",Hashtag,,,,,,,,,,,,,,,,,,,,,0,0,0,0,17
"#bigredwavenow","#bigredwavenow","<[2020-10-15T20:29:40.256Z, 2020-10-15T20:51:14.611Z, 2020-10-15T20:52:12.342Z, 2020-10-15T20:57:05.272Z, 2020-10-15T21:04:45.826Z, 2020-10-15T21:10:44.751Z, 2020-10-15T21:10:45.017Z, 2020-10-15T21:14:36.819Z]>",Hashtag,,,,,,,,,,,,,,,,,,,,,0,0,0,0,17
"#uselection2020","#uselection2020",<[2020-10-15T20:29:43.431Z]>,Hashtag,,,,,,,,,,,,,,,,,,,,,0,0,0,0,18
"#potus","#potus",<[2020-10-15T20:29:43.431Z]>,Hashtag,,,,,,,,,,,,,,,,,,,,,0,0,0,0,18
"#letthepeopledecide","#letthepeopledecide",<[2020-10-15T20:30:16.641Z]>,Hashtag,,,,,,,,,,,,,,,,,,,,,0,0,0,0,19
"#womensrightsarehumanrights","#womensrightsarehumanrights",<[2020-10-15T20:30:16.641Z]>,Hashtag,,,,,,,,,,,,,,,,,,,,,0,0,0,0,19
"#healthcare","#healthcare","<[2020-10-15T20:30:16.641Z, 2020-10-15T21:10:50.528Z]>",Hashtag,,,,,,,,,,,,,,,,,,,,,0,0,0,0,19
"#preexistingconditions","#preexistingconditions",<[2020-10-15T20:30:16.641Z]>,Hashtag,,,,,,,,,,,,,,,,,,,,,0,0,0,0,19
"#vote","#vote","<[2020-10-15T20:30:16.641Z, 2020-10-15T20:33:46.227Z, 2020-10-15T20:41:37.871Z, 2020-10-15T20:50:32.438Z, 2020-10-15T20:56:30.682Z, 2020-10-15T21:02:38.845Z, 2020-10-15T21:04:14.492Z, 2020-10-15T21:08:14.518Z, 2020-10-15T21:12:44.055Z, 2020-10-15T21:17:12.745Z]>",Hashtag,,,,,,,,,,,,,,,,,,,,,0,0,0,0,19
"#bidenharris2020tosaveamerica","#bidenharris2020tosaveamerica",<[2020-10-15T20:30:16.641Z]>,Hashtag,,,,,,,,,,,,,,,,,,,,,0,0,0,0,19
"#georgia","#georgia",<[2020-10-15T20:30:16.641Z]>,Hashtag,,,,,,,,,,,,,,,,,,,,,0,0,0,0,19
"#texas","#texas",<[2020-10-15T20:30:16.641Z]>,Hashtag,,,,,,,,,,,,,,,,,,,,,0,0,0,0,19
"#florida","#florida",<[2020-10-15T20:30:16.641Z]>,Hashtag,,,,,,,,,,,,,,,,,,,,,0,0,0,0,19
"#southcarolina","#southcarolina",<[2020-10-15T20:30:16.641Z]>,Hashtag,,,,,,,,,,,,,,,,,,,,,0,0,0,0,19
"#newyork","#newyork",<[2020-10-15T20:30:16.641Z]>,Hashtag,,,,,,,,,,,,,,,,,,,,,0,0,0,0,19
"#newjersey","#newjersey",<[2020-10-15T20:30:16.641Z]>,Hashtag,,,,,,,,,,,,,,,,,,,,,0,0,0,0,19
"#wisconsin","#wisconsin",<[2020-10-15T20:30:16.641Z]>,Hashtag,,,,,,,,,,,,,,,,,,,,,0,0,0,0,19
"#arizona","#arizona",<[2020-10-15T20:30:16.641Z]>,Hashtag,,,,,,,,,,,,,,,,,,,,,0,0,0,0,19
"#california","#california",<[2020-10-15T20:30:16.641Z]>,Hashtag,,,,,,,,,,,,,,,,,,,,,0,0,0,0,19
"#pennsylvania","#pennsylvania",<[2020-10-15T20:30:16.641Z]>,Hashtag,,,,,,,,,,,,,,,,,,,,,0,0,0,0,19
"#washington","#washington",<[2020-10-15T20:30:16.641Z]>,Hashtag,,,,,,,,,,,,,,,,,,,,,0,0,0,0,19
"#200kdeadamericans","#200kdeadamericans",<[2020-10-15T20:30:16.641Z]>,Hashtag,,,,,,,,,,,,,,,,,,,,,0,0,0,0,19
"#qdrop","#qdrop",<[2020-10-15T20:30:23.870Z]>,Hashtag,,,,,,,,,,,,,,,,,,,,,0,0,0,0,20
"#q","#q",<[2020-10-15T20:30:23.870Z]>,Hashtag,,,,,,,,,,,,,,,,,,,,,0,0,0,0,20
"#justicekennedy","#justicekennedy","<[2020-10-15T20:30:42.416Z, 2020-10-15T20:35:27.137Z, 2020-10-15T20:36:24.313Z, 2020-10-15T20:39:00.414Z, 2020-10-15T20:39:01.987Z, 2020-10-15T20:39:06.136Z, 2020-10-15T20:39:33.239Z, 2020-10-15T21:04:23.804Z, 2020-10-15T21:09:14.728Z]>",Hashtag,,,,,,,,,,,,,,,,,,,,,0,0,0,0,21
"#deutschebank","#deutschebank","<[2020-10-15T20:30:42.416Z, 2020-10-15T20:35:27.137Z, 2020-10-15T20:36:24.313Z, 2020-10-15T20:39:00.414Z, 2020-10-15T20:39:01.987Z, 2020-10-15T20:39:06.136Z, 2020-10-15T20:39:33.239Z, 2020-10-15T21:04:23.804Z, 2020-10-15T21:09:14.728Z]>",Hashtag,,,,,,,,,,,,,,,,,,,,,0,0,0,0,21
"#brettkavanaugh","#brettkavanaugh","<[2020-10-15T20:30:42.416Z, 2020-10-15T20:35:27.137Z, 2020-10-15T20:36:24.313Z, 2020-10-15T20:39:00.414Z, 2020-10-15T20:39:01.987Z, 2020-10-15T20:39:06.136Z, 2020-10-15T20:39:33.239Z, 2020-10-15T20:43:19.225Z, 2020-10-15T21:04:23.804Z, 2020-10-15T21:09:14.728Z]>",Hashtag,,,,,,,,,,,,,,,,,,,,,0,0,0,0,21
"#coneybarrettsucks","#coneybarrettsucks",<[2020-10-15T20:30:44.153Z]>,Hashtag,,,,,,,,,,,,,,,,,,,,,0,0,0,0,22
"#lindseygrahamisatraitor","#lindseygrahamisatraitor",<[2020-10-15T20:30:44.153Z]>,Hashtag,,,,,,,,,,,,,,,,,,,,,0,0,0,0,22
"#trumptaxfraud","#trumptaxfraud",<[2020-10-15T20:31:12.817Z]>,Hashtag,,,,,,,,,,,,,,,,,,,,,0,0,0,0,23
"#trumptaxreturns","#trumptaxreturns",<[2020-10-15T20:31:12.817Z]>,Hashtag,,,,,,,,,,,,,,,,,,,,,0,0,0,0,23
"#whodidyourape","#whodidyourape",<[2020-10-15T20:31:12.817Z]>,Hashtag,,,,,,,,,,,,,,,,,,,,,0,0,0,0,23
"#showusthedna","#showusthedna",<[2020-10-15T20:31:12.817Z]>,Hashtag,,,,,,,,,,,,,,,,,,,,,0,0,0,0,23
"#trumpisarapist","#trumpisarapist",<[2020-10-15T20:31:12.817Z]>,Hashtag,,,,,,,,,,,,,,,,,,,,,0,0,0,0,23
"#2020census","#2020census",<[2020-10-15T20:32:29.420Z]>,Hashtag,,,,,,,,,,,,,,,,,,,,,0,0,0,0,24
"#mitchmcconnell","#mitchmcconnell",<[2020-10-15T20:32:29.420Z]>,Hashtag,,,,,,,,,,,,,,,,,,,,,0,0,0,0,24
"#bidencorruption","#bidencorruption",<[2020-10-15T20:32:48.140Z]>,Hashtag,,,,,,,,,,,,,,,,,,,,,0,0,0,0,25
"#democratsarecorrupt","#democratsarecorrupt",<[2020-10-15T20:32:48.140Z]>,Hashtag,,,,,,,,,,,,,,,,,,,,,0,0,0,0,25
"#votebidenharris2020","#votebidenharris2020","<[2020-10-15T20:33:07.832Z, 2020-10-15T20:36:54.563Z, 2020-10-15T20:37:44.309Z, 2020-10-15T20:42:15.928Z, 2020-10-15T20:48:03.013Z, 2020-10-15T20:50:32.438Z, 2020-10-15T20:52:06.262Z, 2020-10-15T20:57:17.932Z]>",Hashtag,,,,,,,,,,,,,,,,,,,,,0,0,0,0,12
"#ourfuture","#ourfuture",<[2020-10-15T20:33:07.832Z]>,Hashtag,,,,,,,,,,,,,,,,,,,,,0,0,0,0,12
"#iasen","#iasen",<[2020-10-15T20:33:09.950Z]>,Hashtag,,,,,,,,,,,,,,,,,,,,,0,0,0,0,12
"#trumpisnotamerica","#trumpisnotamerica",<[2020-10-15T20:33:09.950Z]>,Hashtag,,,,,,,,,,,,,,,,,,,,,0,0,0,0,12
"#senateconfirmation","#senateconfirmation","<[2020-10-15T20:33:15.974Z, 2020-10-15T20:33:25.327Z, 2020-10-15T20:33:29.990Z, 2020-10-15T20:36:03.718Z, 2020-10-15T20:38:12.850Z, 2020-10-15T20:38:44.312Z, 2020-10-15T20:40:06.472Z, 2020-10-15T20:41:14.685Z, 2020-10-15T20:41:18.865Z, 2020-10-15T20:41:43.018Z, 2020-10-15T20:50:01.014Z, 2020-10-15T20:50:23.945Z, 2020-10-15T21:14:30.856Z]>",Hashtag,,,,,,,,,,,,,,,,,,,,,0,0,0,0,26
"#acbhearings","#acbhearings","<[2020-10-15T20:33:23.074Z, 2020-10-15T20:39:28.965Z, 2020-10-15T20:47:54.086Z, 2020-10-15T21:10:43.207Z]>",Hashtag,,,,,,,,,,,,,,,,,,,,,0,0,0,0,26
"#bidencrimefamily","#bidencrimefamily","<[2020-10-15T20:33:23.074Z, 2020-10-15T20:43:30.631Z]>",Hashtag,,,,,,,,,,,,,,,,,,,,,0,0,0,0,26
"#biden2020","#biden2020","<[2020-10-15T20:33:23.074Z, 2020-10-15T20:41:44.372Z]>",Hashtag,,,,,,,,,,,,,,,,,,,,,0,0,0,0,40
"#linegradlindsey","#linegradlindsey",<[2020-10-15T20:33:23.075Z]>,Hashtag,,,,,,,,,,,,,,,,,,,,,0,0,0,0,27
"#beggingassladyg","#beggingassladyg",<[2020-10-15T20:33:23.075Z]>,Hashtag,,,,,,,,,,,,,,,,,,,,,0,0,0,0,27
"#ofjesse","#ofjesse",<[2020-10-15T20:33:29.950Z]>,Hashtag,,,,,,,,,,,,,,,,,,,,,0,0,0,0,28
"#gopbetrayedamerica","#gopbetrayedamerica",<[2020-10-15T20:33:29.950Z]>,Hashtag,,,,,,,,,,,,,,,,,,,,,0,0,0,0,28
"#covid19","#covid19","<[2020-10-15T20:33:43.371Z, 2020-10-15T20:48:13.751Z]>",Hashtag,,,,,,,,,,,,,,,,,,,,,0,0,0,0,5
"#votebluetosaveamerica","#votebluetosaveamerica","<[2020-10-15T20:33:46.227Z, 2020-10-15T21:01:17.747Z]>",Hashtag,,,,,,,,,,,,,,,,,,,,,0,0,0,0,19
"#whatsatstake","#whatsatstake",<[2020-10-15T20:33:47.357Z]>,Hashtag,,,,,,,,,,,,,,,,,,,,,0,0,0,0,5
"#royalehightrades","#royalehightrades",<[2020-10-15T20:33:54.161Z]>,Hashtag,,,,,,,,,,,,,,,,,,,,,0,0,0,0,17
"#raiders","#raiders",<[2020-10-15T20:33:54.161Z]>,Hashtag,,,,,,,,,,,,,,,,,,,,,0,0,0,0,17
"#spiritday","#spiritday",<[2020-10-15T20:33:54.161Z]>,Hashtag,,,,,,,,,,,,,,,,,,,,,0,0,0,0,17
"#sistasonbet","#sistasonbet",<[2020-10-15T20:33:54.161Z]>,Hashtag,,,,,,,,,,,,,,,,,,,,,0,0,0,0,17
"#startrekdiscovery","#startrekdiscovery",<[2020-10-15T20:33:54.161Z]>,Hashtag,,,,,,,,,,,,,,,,,,,,,0,0,0,0,17
"#twittercensorship","#twittercensorship",<[2020-10-15T20:33:54.161Z]>,Hashtag,,,,,,,,,,,,,,,,,,,,,0,0,0,0,17
"#trumpcrimefamily","#trumpcrimefamily","<[2020-10-15T20:33:54.161Z, 2020-10-15T20:38:02.471Z, 2020-10-15T20:56:49.165Z, 2020-10-15T21:06:42.149Z, 2020-10-15T21:16:39.144Z]>",Hashtag,,,,,,,,,,,,,,,,,,,,,0,0,0,0,17
"#thursdayvibes","#thursdayvibes","<[2020-10-15T20:33:54.161Z, 2020-10-15T21:08:37.313Z]>",Hashtag,,,,,,,,,,,,,,,,,,,,,0,0,0,0,17
"#thursdaymorning","#thursdaymorning",<[2020-10-15T20:33:54.161Z]>,Hashtag,,,,,,,,,,,,,,,,,,,,,0,0,0,0,17
"#thebachelorette","#thebachelorette",<[2020-10-15T20:33:54.161Z]>,Hashtag,,,,,,,,,,,,,,,,,,,,,0,0,0,0,17
"#themaskedsinger","#themaskedsinger",<[2020-10-15T20:33:54.161Z]>,Hashtag,,,,,,,,,,,,,,,,,,,,,0,0,0,0,17
"#unflatteringdogphotochallenge","#unflatteringdogphotochallenge",<[2020-10-15T20:33:54.161Z]>,Hashtag,,,,,,,,,,,,,,,,,,,,,0,0,0,0,17
"#universeboss","#universeboss",<[2020-10-15T20:33:54.161Z]>,Hashtag,,,,,,,,,,,,,,,,,,,,,0,0,0,0,17
"#rbgrevolution","#rbgrevolution","<[2020-10-15T20:34:03.534Z, 2020-10-15T20:36:06.941Z, 2020-10-15T20:42:26.453Z, 2020-10-15T20:44:20.327Z, 2020-10-15T20:46:08.454Z, 2020-10-15T20:46:13.503Z, 2020-10-15T20:49:07.210Z, 2020-10-15T20:53:30.397Z, 2020-10-15T21:16:39.144Z]>",Hashtag,,,,,,,,,,,,,,,,,,,,,0,0,0,0,17
"#amyconeybarrettscotus","#amyconeybarrettscotus","<[2020-10-15T20:34:03.534Z, 2020-10-15T20:36:06.941Z, 2020-10-15T20:38:12.935Z, 2020-10-15T20:42:26.453Z, 2020-10-15T20:44:20.327Z, 2020-10-15T20:46:08.454Z, 2020-10-15T20:46:13.503Z, 2020-10-15T20:49:07.210Z, 2020-10-15T20:53:30.397Z, 2020-10-15T21:08:41.545Z]>",Hashtag,,,,,,,,,,,,,,,,,,,,,0,0,0,0,17
"#fripptopia","#fripptopia",<[2020-10-15T20:34:10.989Z]>,Hashtag,,,,,,,,,,,,,,,,,,,,,0,0,0,0,16
"#trumpcourt","#trumpcourt",<[2020-10-15T20:34:12.832Z]>,Hashtag,,,,,,,,,,,,,,,,,,,,,0,0,0,0,12
"#handmaidamy","#handmaidamy","<[2020-10-15T20:34:12.832Z, 2020-10-15T20:54:58.921Z, 2020-10-15T20:55:11.043Z, 2020-10-15T20:55:27.307Z]>",Hashtag,,,,,,,,,,,,,,,,,,,,,0,0,0,0,12
"#gorevbush","#gorevbush",<[2020-10-15T20:34:12.832Z]>,Hashtag,,,,,,,,,,,,,,,,,,,,,0,0,0,0,12
"#thursdaythoughts","#thursdaythoughts","<[2020-10-15T20:34:37.293Z, 2020-10-15T21:02:15.607Z]>",Hashtag,,,,,,,,,,,,,,,,,,,,,0,0,0,0,16
"#msm","#msm","<[2020-10-15T20:34:37.293Z, 2020-10-15T20:37:08.214Z, 2020-10-15T20:47:54.086Z]>",Hashtag,,,,,,,,,,,,,,,,,,,,,0,0,0,0,16
"#slowjoe","#slowjoe",<[2020-10-15T20:34:37.293Z]>,Hashtag,,,,,,,,,,,,,,,,,,,,,0,0,0,0,16
"#abcnews","#abcnews",<[2020-10-15T20:34:37.293Z]>,Hashtag,,,,,,,,,,,,,,,,,,,,,0,0,0,0,16
"#nbc","#nbc",<[2020-10-15T20:34:37.293Z]>,Hashtag,,,,,,,,,,,,,,,,,,,,,0,0,0,0,16
"#1a","#1a","<[2020-10-15T20:34:37.293Z, 2020-10-15T21:17:34.365Z]>",Hashtag,,,,,,,,,,,,,,,,,,,,,0,0,0,0,16
"#2a","#2a",<[2020-10-15T20:34:37.293Z]>,Hashtag,,,,,,,,,,,,,,,,,,,,,0,0,0,0,16
"#fourmoreyears","#fourmoreyears","<[2020-10-15T20:34:37.293Z, 2020-10-15T21:05:09.466Z]>",Hashtag,,,,,,,,,,,,,,,,,,,,,0,0,0,0,16
"#topcop","#topcop","<[2020-10-15T20:34:53.954Z, 2020-10-15T20:39:44.718Z]>",Hashtag,,,,,,,,,,,,,,,,,,,,,0,0,0,0,29
"#deepstate","#deepstate","<[2020-10-15T20:34:53.954Z, 2020-10-15T20:39:44.718Z]>",Hashtag,,,,,,,,,,,,,,,,,,,,,0,0,0,0,29
"#cabal","#cabal","<[2020-10-15T20:34:53.954Z, 2020-10-15T20:39:44.718Z]>",Hashtag,,,,,,,,,,,,,,,,,,,,,0,0,0,0,29
"#childtrafficking","#childtrafficking","<[2020-10-15T20:34:53.954Z, 2020-10-15T20:39:44.718Z]>",Hashtag,,,,,,,,,,,,,,,,,,,,,0,0,0,0,29
"#luciferians","#luciferians","<[2020-10-15T20:34:53.954Z, 2020-10-15T20:39:44.718Z]>",Hashtag,,,,,,,,,,,,,,,,,,,,,0,0,0,0,29
"#acbforscotus","#acbforscotus",<[2020-10-15T20:35:27.178Z]>,Hashtag,,,,,,,,,,,,,,,,,,,,,0,0,0,0,13
"#crymorelibs","#crymorelibs",<[2020-10-15T20:35:27.178Z]>,Hashtag,,,,,,,,,,,,,,,,,,,,,0,0,0,0,13
"#preference","#preference",<[2020-10-15T20:35:36.197Z]>,Hashtag,,,,,,,,,,,,,,,,,,,,,0,0,0,0,13
"#justice","#justice","<[2020-10-15T20:36:13.910Z, 2020-10-15T21:11:24.790Z]>",Hashtag,,,,,,,,,,,,,,,,,,,,,0,0,0,0,21
"#notoriousrbg","#notoriousrbg",<[2020-10-15T20:36:17.520Z]>,Hashtag,,,,,,,,,,,,,,,,,,,,,0,0,0,0,19
"#whentherearenine","#whentherearenine",<[2020-10-15T20:36:17.520Z]>,Hashtag,,,,,,,,,,,,,,,,,,,,,0,0,0,0,19
"#bidenharris2020","#bidenharris2020","<[2020-10-15T20:36:17.520Z, 2020-10-15T20:36:27.137Z, 2020-10-15T20:39:49.776Z, 2020-10-15T21:06:08.300Z, 2020-10-15T21:08:41.305Z, 2020-10-15T21:09:19.776Z, 2020-10-15T21:16:17.055Z]>",Hashtag,,,,,,,,,,,,,,,,,,,,,0,0,0,0,19
"#ruthbaderginsburg","#ruthbaderginsburg",<[2020-10-15T20:36:17.520Z]>,Hashtag,,,,,,,,,,,,,,,,,,,,,0,0,0,0,19
"#bidensamerica","#bidensamerica",<[2020-10-15T20:36:27.137Z]>,Hashtag,,,,,,,,,,,,,,,,,,,,,0,0,0,0,19
"#bensasse","#bensasse","<[2020-10-15T20:36:54.563Z, 2020-10-15T20:52:21.101Z]>",Hashtag,,,,,,,,,,,,,,,,,,,,,0,0,0,0,17
"#merit","#merit",<[2020-10-15T20:36:57.777Z]>,Hashtag,,,,,,,,,,,,,,,,,,,,,0,0,0,0,26
"#grace","#grace",<[2020-10-15T20:36:57.777Z]>,Hashtag,,,,,,,,,,,,,,,,,,,,,0,0,0,0,26
"#courtpacking","#courtpacking","<[2020-10-15T20:37:08.214Z, 2020-10-15T20:58:39.526Z]>",Hashtag,,,,,,,,,,,,,,,,,,,,,0,0,0,0,16
"#packingthecourt","#packingthecourt",<[2020-10-15T20:37:08.214Z]>,Hashtag,,,,,,,,,,,,,,,,,,,,,0,0,0,0,16
"#packthecourt","#packthecourt",<[2020-10-15T20:37:08.214Z]>,Hashtag,,,,,,,,,,,,,,,,,,,,,0,0,0,0,16
"#votethoserepublicancowardsout","#votethoserepublicancowardsout","<[2020-10-15T20:37:44.309Z, 2020-10-15T20:41:03.058Z]>",Hashtag,,,,,,,,,,,,,,,,,,,,,0,0,0,0,12
"#teumpsgottago","#teumpsgottago",<[2020-10-15T20:38:02.471Z]>,Hashtag,,,,,,,,,,,,,,,,,,,,,0,0,0,0,17
"#amyconeybarrettisunfit","#amyconeybarrettisunfit","<[2020-10-15T20:38:12.935Z, 2020-10-15T20:59:52.548Z]>",Hashtag,,,,,,,,,,,,,,,,,,,,,0,0,0,0,17
"#traitor","#traitor",<[2020-10-15T20:38:23.565Z]>,Hashtag,,,,,,,,,,,,,,,,,,,,,0,0,0,0,17
"#countryoverparty","#countryoverparty","<[2020-10-15T20:38:23.565Z, 2020-10-15T20:59:52.548Z]>",Hashtag,,,,,,,,,,,,,,,,,,,,,0,0,0,0,17
"#votebidenharris","#votebidenharris",<[2020-10-15T20:39:03.971Z]>,Hashtag,,,,,,,,,,,,,,,,,,,,,0,0,0,0,30
"#donthecon","#donthecon",<[2020-10-15T20:39:03.971Z]>,Hashtag,,,,,,,,,,,,,,,,,,,,,0,0,0,0,30
"#trumpfraud","#trumpfraud",<[2020-10-15T20:39:03.971Z]>,Hashtag,,,,,,,,,,,,,,,,,,,,,0,0,0,0,30
"#trumpfailed","#trumpfailed",<[2020-10-15T20:39:03.971Z]>,Hashtag,,,,,,,,,,,,,,,,,,,,,0,0,0,0,30
"#racisttrump","#racisttrump",<[2020-10-15T20:39:03.971Z]>,Hashtag,,,,,,,,,,,,,,,,,,,,,0,0,0,0,30
"#trumpcoupplot","#trumpcoupplot","<[2020-10-15T20:39:03.971Z, 2020-10-15T21:16:39.144Z]>",Hashtag,,,,,,,,,,,,,,,,,,,,,0,0,0,0,30
"#dictatortrump","#dictatortrump","<[2020-10-15T20:39:03.971Z, 2020-10-15T21:06:42.149Z]>",Hashtag,,,,,,,,,,,,,,,,,,,,,0,0,0,0,30
"#trumpisanationaldisgrace","#trumpisanationaldisgrace",<[2020-10-15T20:39:03.971Z]>,Hashtag,,,,,,,,,,,,,,,,,,,,,0,0,0,0,30
"#stopthemadnessstoptrump","#stopthemadnessstoptrump",<[2020-10-15T20:39:03.971Z]>,Hashtag,,,,,,,,,,,,,,,,,,,,,0,0,0,0,30
"#amycoathangerbarrett","#amycoathangerbarrett",<[2020-10-15T20:39:20.544Z]>,Hashtag,,,,,,,,,,,,,,,,,,,,,0,0,0,0,17
"#blockbarrett","#blockbarrett","<[2020-10-15T20:39:20.544Z, 2020-10-15T21:00:06.279Z, 2020-10-15T21:02:35.977Z]>",Hashtag,,,,,,,,,,,,,,,,,,,,,0,0,0,0,17
"#vote2020","#vote2020",<[2020-10-15T20:39:20.898Z]>,Hashtag,,,,,,,,,,,,,,,,,,,,,0,0,0,0,17
"#bidentownhall","#bidentownhall",<[2020-10-15T20:39:49.776Z]>,Hashtag,,,,,,,,,,,,,,,,,,,,,0,0,0,0,19
"#boycottnbc","#boycottnbc",<[2020-10-15T20:39:49.776Z]>,Hashtag,,,,,,,,,,,,,,,,,,,,,0,0,0,0,19
"#boycottmsnbc","#boycottmsnbc","<[2020-10-15T20:39:49.776Z, 2020-10-15T20:48:13.751Z]>",Hashtag,,,,,,,,,,,,,,,,,,,,,0,0,0,0,5
"#uscensus","#uscensus","<[2020-10-15T20:39:55.969Z, 2020-10-15T21:07:03.551Z]>",Hashtag,,,,,,,,,,,,,,,,,,,,,0,0,0,0,31
"#becounted","#becounted","<[2020-10-15T20:39:55.969Z, 2020-10-15T21:07:03.551Z]>",Hashtag,,,,,,,,,,,,,,,,,,,,,0,0,0,0,31
"#diannefeinstein","#diannefeinstein",<[2020-10-15T20:39:59.734Z]>,Hashtag,,,,,,,,,,,,,,,,,,,,,0,0,0,0,26
"#lindseygraham","#lindseygraham","<[2020-10-15T20:39:59.734Z, 2020-10-15T20:48:52.950Z, 2020-10-15T21:03:11.710Z, 2020-10-15T21:13:25.369Z, 2020-10-15T21:17:51.461Z]>",Hashtag,,,,,,,,,,,,,,,,,,,,,0,0,0,0,26
"#feinsteinresign","#feinsteinresign","<[2020-10-15T20:39:59.734Z, 2020-10-15T20:55:11.843Z, 2020-10-15T21:17:12.745Z]>",Hashtag,,,,,,,,,,,,,,,,,,,,,0,0,0,0,26
"#hypocrisy","#hypocrisy","<[2020-10-15T20:40:11.508Z, 2020-10-15T21:08:52.880Z, 2020-10-15T21:13:13.059Z]>",Hashtag,,,,,,,,,,,,,,,,,,,,,0,0,0,0,32
"#clarencethomas","#clarencethomas",<[2020-10-15T20:40:11.508Z]>,Hashtag,,,,,,,,,,,,,,,,,,,,,0,0,0,0,32
"#disqualified","#disqualified",<[2020-10-15T20:40:12.554Z]>,Hashtag,,,,,,,,,,,,,,,,,,,,,0,0,0,0,26
"#lockherup","#lockherup",<[2020-10-15T20:40:12.554Z]>,Hashtag,,,,,,,,,,,,,,,,,,,,,0,0,0,0,26
"#kag","#kag","<[2020-10-15T20:40:50.078Z, 2020-10-15T20:44:33.493Z, 2020-10-15T20:47:19.774Z, 2020-10-15T20:47:32.253Z, 2020-10-15T20:47:36.057Z, 2020-10-15T20:47:46.212Z, 2020-10-15T20:48:36.957Z, 2020-10-15T20:49:45.412Z, 2020-10-15T20:49:59.846Z, 2020-10-15T20:50:02.295Z, 2020-10-15T20:50:27.053Z, 2020-10-15T20:52:06.400Z, 2020-10-15T20:52:12.407Z, 2020-10-15T20:52:49.148Z, 2020-10-15T20:56:19.340Z, 2020-10-15T21:01:13.650Z]>",Hashtag,,,,,,,,,,,,,,,,,,,,,0,0,0,0,10
"#maga2020","#maga2020","<[2020-10-15T20:40:50.078Z, 2020-10-15T20:42:21.411Z, 2020-10-15T20:44:33.493Z, 2020-10-15T20:44:55.686Z, 2020-10-15T20:47:19.774Z, 2020-10-15T20:47:32.253Z, 2020-10-15T20:47:46.212Z, 2020-10-15T20:48:36.957Z, 2020-10-15T20:49:45.412Z, 2020-10-15T20:49:59.846Z, 2020-10-15T20:50:02.295Z, 2020-10-15T20:50:27.053Z, 2020-10-15T20:52:06.400Z, 2020-10-15T20:52:12.407Z, 2020-10-15T20:52:49.148Z, 2020-10-15T20:56:19.340Z, 2020-10-15T21:01:13.650Z]>",Hashtag,,,,,,,,,,,,,,,,,,,,,0,0,0,0,10
"#leningradlindsey","#leningradlindsey","<[2020-10-15T20:40:59.845Z, 2020-10-15T20:50:43.975Z, 2020-10-15T21:11:43.517Z, 2020-10-15T21:13:25.369Z, 2020-10-15T21:17:51.461Z]>",Hashtag,,,,,,,,,,,,,,,,,,,,,0,0,0,0,26
"#gop","#gop","<[2020-10-15T20:41:12.508Z, 2020-10-15T20:48:03.013Z, 2020-10-15T20:57:28.456Z, 2020-10-15T20:58:07.403Z, 2020-10-15T21:04:16.130Z]>",Hashtag,,,,,,,,,,,,,,,,,,,,,0,0,0,0,26
"#darkmoney","#darkmoney","<[2020-10-15T20:41:12.508Z, 2020-10-15T21:09:32.043Z]>",Hashtag,,,,,,,,,,,,,,,,,,,,,0,0,0,0,26
"#kavanaugh","#kavanaugh","<[2020-10-15T20:41:18.594Z, 2020-10-15T21:16:14.592Z]>",Hashtag,,,,,,,,,,,,,,,,,,,,,0,0,0,0,26
"#impeachkavanaugh","#impeachkavanaugh",<[2020-10-15T20:41:18.594Z]>,Hashtag,,,,,,,,,,,,,,,,,,,,,0,0,0,0,26
"#impeachbarret","#impeachbarret",<[2020-10-15T20:41:18.594Z]>,Hashtag,,,,,,,,,,,,,,,,,,,,,0,0,0,0,26
"#gretathunberg","#gretathunberg",<[2020-10-15T20:41:33.854Z]>,Hashtag,,,,,,,,,,,,,,,,,,,,,0,0,0,0,33
"#barretthearings","#barretthearings",<[2020-10-15T20:41:33.854Z]>,Hashtag,,,,,,,,,,,,,,,,,,,,,0,0,0,0,33
"#election","#election",<[2020-10-15T20:41:37.871Z]>,Hashtag,,,,,,,,,,,,,,,,,,,,,0,0,0,0,26
"#obama","#obama","<[2020-10-15T20:41:44.372Z, 2020-10-15T20:52:58.819Z]>",Hashtag,,,,,,,,,,,,,,,,,,,,,0,0,0,0,40
"#elections2020","#elections2020","<[2020-10-15T20:41:44.372Z, 2020-10-15T21:00:28.338Z, 2020-10-15T21:02:38.845Z]>",Hashtag,,,,,,,,,,,,,,,,,,,,,0,0,0,0,40
"#brainwashing","#brainwashing",<[2020-10-15T20:41:44.372Z]>,Hashtag,,,,,,,,,,,,,,,,,,,,,0,0,0,0,40
"#billgates","#billgates",<[2020-10-15T20:41:44.372Z]>,Hashtag,,,,,,,,,,,,,,,,,,,,,0,0,0,0,40
"#vaccines","#vaccines",<[2020-10-15T20:41:44.372Z]>,Hashtag,,,,,,,,,,,,,,,,,,,,,0,0,0,0,40
"#cnn","#cnn",<[2020-10-15T20:41:44.372Z]>,Hashtag,,,,,,,,,,,,,,,,,,,,,0,0,0,0,40
"#pbs","#pbs",<[2020-10-15T20:41:44.372Z]>,Hashtag,,,,,,,,,,,,,,,,,,,,,0,0,0,0,40
"#npr","#npr",<[2020-10-15T20:41:44.372Z]>,Hashtag,,,,,,,,,,,,,,,,,,,,,0,0,0,0,40
"#bbc","#bbc",<[2020-10-15T20:41:44.372Z]>,Hashtag,,,,,,,,,,,,,,,,,,,,,0,0,0,0,40
"#reuters","#reuters",<[2020-10-15T20:41:44.372Z]>,Hashtag,,,,,,,,,,,,,,,,,,,,,0,0,0,0,40
"#wakeupamerica","#wakeupamerica",<[2020-10-15T20:42:08.061Z]>,Hashtag,,,,,,,,,,,,,,,,,,,,,0,0,0,0,34
"#wua","#wua",<[2020-10-15T20:42:08.061Z]>,Hashtag,,,,,,,,,,,,,,,,,,,,,0,0,0,0,34
"#trumpfailedamerica","#trumpfailedamerica",<[2020-10-15T20:42:15.928Z]>,Hashtag,,,,,,,,,,,,,,,,,,,,,0,0,0,0,12
"#trumpvirusdeathtoll220k","#trumpvirusdeathtoll220k",<[2020-10-15T20:42:15.928Z]>,Hashtag,,,,,,,,,,,,,,,,,,,,,0,0,0,0,12
"#imwithher","#imwithher","<[2020-10-15T20:42:30.031Z, 2020-10-15T20:42:39.333Z, 2020-10-15T20:43:05.423Z, 2020-10-15T20:46:30.279Z, 2020-10-15T20:50:35.190Z]>",Hashtag,,,,,,,,,,,,,,,,,,,,,0,0,0,0,13
"#sick","#sick",<[2020-10-15T20:42:30.770Z]>,Hashtag,,,,,,,,,,,,,,,,,,,,,0,0,0,0,35
"#traitors","#traitors",<[2020-10-15T20:42:30.770Z]>,Hashtag,,,,,,,,,,,,,,,,,,,,,0,0,0,0,35
"#awesomepoll","#awesomepoll","<[2020-10-15T20:42:47.964Z, 2020-10-15T20:45:26.687Z]>",Hashtag,,,,,,,,,,,,,,,,,,,,,0,0,0,0,26
"#californiavtexas","#californiavtexas",<[2020-10-15T20:43:01.395Z]>,Hashtag,,,,,,,,,,,,,,,,,,,,,0,0,0,0,5
"#injusticeleage","#injusticeleage",<[2020-10-15T20:43:19.225Z]>,Hashtag,,,,,,,,,,,,,,,,,,,,,0,0,0,0,21
"#howcanthisbehappening","#howcanthisbehappening",<[2020-10-15T20:43:19.225Z]>,Hashtag,,,,,,,,,,,,,,,,,,,,,0,0,0,0,21
"#bidenguiltyofsedition","#bidenguiltyofsedition",<[2020-10-15T20:43:30.631Z]>,Hashtag,,,,,,,,,,,,,,,,,,,,,0,0,0,0,26
"#chinajoebiden","#chinajoebiden",<[2020-10-15T20:43:30.631Z]>,Hashtag,,,,,,,,,,,,,,,,,,,,,0,0,0,0,26
"#pathetic","#pathetic",<[2020-10-15T20:43:49.367Z]>,Hashtag,,,,,,,,,,,,,,,,,,,,,0,0,0,0,36
"#biglie","#biglie",<[2020-10-15T20:43:49.367Z]>,Hashtag,,,,,,,,,,,,,,,,,,,,,0,0,0,0,36
"#sociopath","#sociopath",<[2020-10-15T20:43:49.367Z]>,Hashtag,,,,,,,,,,,,,,,,,,,,,0,0,0,0,36
"#hannity","#hannity","<[2020-10-15T20:44:33.493Z, 2020-10-15T20:47:46.212Z, 2020-10-15T20:49:45.412Z, 2020-10-15T20:52:12.407Z, 2020-10-15T20:52:49.148Z, 2020-10-15T21:01:13.650Z]>",Hashtag,,,,,,,,,,,,,,,,,,,,,0,0,0,0,10
"#votebluetoendthisnightmare","#votebluetoendthisnightmare",<[2020-10-15T20:45:10.119Z]>,Hashtag,,,,,,,,,,,,,,,,,,,,,0,0,0,0,5
"#boycotttrumptownhall","#boycotttrumptownhall","<[2020-10-15T20:45:10.119Z, 2020-10-15T20:48:13.751Z]>",Hashtag,,,,,,,,,,,,,,,,,,,,,0,0,0,0,5
"#az02","#az02",<[2020-10-15T20:45:46.521Z]>,Hashtag,,,,,,,,,,,,,,,,,,,,,0,0,0,0,37
"#azpol","#azpol",<[2020-10-15T20:45:46.521Z]>,Hashtag,,,,,,,,,,,,,,,,,,,,,0,0,0,0,37
"#wontbeerased","#wontbeerased",<[2020-10-15T20:45:46.521Z]>,Hashtag,,,,,,,,,,,,,,,,,,,,,0,0,0,0,37
"#canttrustcollins","#canttrustcollins",<[2020-10-15T20:45:56.385Z]>,Hashtag,,,,,,,,,,,,,,,,,,,,,0,0,0,0,5
"#mesen","#mesen",<[2020-10-15T20:45:56.385Z]>,Hashtag,,,,,,,,,,,,,,,,,,,,,0,0,0,0,5
"#truthmatters","#truthmatters",<[2020-10-15T20:46:46.629Z]>,Hashtag,,,,,,,,,,,,,,,,,,,,,0,0,0,0,5
"#integritymatters","#integritymatters",<[2020-10-15T20:46:46.629Z]>,Hashtag,,,,,,,,,,,,,,,,,,,,,0,0,0,0,5
"#shamhearings","#shamhearings",<[2020-10-15T20:46:46.629Z]>,Hashtag,,,,,,,,,,,,,,,,,,,,,0,0,0,0,5
"#amycomeybarrett","#amycomeybarrett",<[2020-10-15T20:46:46.629Z]>,Hashtag,,,,,,,,,,,,,,,,,,,,,0,0,0,0,5
"#trumprally","#trumprally","<[2020-10-15T20:47:19.774Z, 2020-10-15T20:48:36.957Z]>",Hashtag,,,,,,,,,,,,,,,,,,,,,0,0,0,0,10
"#covid__19","#covid__19","<[2020-10-15T20:47:39.882Z, 2020-10-15T20:49:14.086Z, 2020-10-15T20:56:49.165Z]>",Hashtag,,,,,,,,,,,,,,,,,,,,,0,0,0,0,26
"#originalists","#originalists",<[2020-10-15T20:48:03.013Z]>,Hashtag,,,,,,,,,,,,,,,,,,,,,0,0,0,0,12
"#racism","#racism",<[2020-10-15T20:48:03.013Z]>,Hashtag,,,,,,,,,,,,,,,,,,,,,0,0,0,0,12
"#genz","#genz",<[2020-10-15T20:48:03.013Z]>,Hashtag,,,,,,,,,,,,,,,,,,,,,0,0,0,0,12
"#millenials","#millenials",<[2020-10-15T20:48:03.013Z]>,Hashtag,,,,,,,,,,,,,,,,,,,,,0,0,0,0,12
"#watchabc","#watchabc",<[2020-10-15T20:48:13.751Z]>,Hashtag,,,,,,,,,,,,,,,,,,,,,0,0,0,0,5
"#watchbiden","#watchbiden",<[2020-10-15T20:48:13.751Z]>,Hashtag,,,,,,,,,,,,,,,,,,,,,0,0,0,0,5
"#townhall","#townhall",<[2020-10-15T20:48:13.751Z]>,Hashtag,,,,,,,,,,,,,,,,,,,,,0,0,0,0,5
"#boycottnbctownhall","#boycottnbctownhall",<[2020-10-15T20:48:13.751Z]>,Hashtag,,,,,,,,,,,,,,,,,,,,,0,0,0,0,5
"#climatechange","#climatechange","<[2020-10-15T20:48:13.751Z, 2020-10-15T20:51:35.901Z]>",Hashtag,,,,,,,,,,,,,,,,,,,,,0,0,0,0,5
"#blm","#blm","<[2020-10-15T20:48:13.751Z, 2020-10-15T21:01:35.871Z]>",Hashtag,,,,,,,,,,,,,,,,,,,,,0,0,0,0,5
"#prochoice","#prochoice","<[2020-10-15T20:48:13.751Z, 2020-10-15T21:06:05.913Z]>",Hashtag,,,,,,,,,,,,,,,,,,,,,0,0,0,0,5
"#taxtherich","#taxtherich",<[2020-10-15T20:48:13.751Z]>,Hashtag,,,,,,,,,,,,,,,,,,,,,0,0,0,0,5
"#barrettunqualified","#barrettunqualified","<[2020-10-15T20:48:23.938Z, 2020-10-15T20:54:58.921Z, 2020-10-15T20:55:11.043Z, 2020-10-15T20:55:27.307Z]>",Hashtag,,,,,,,,,,,,,,,,,,,,,0,0,0,0,12
"#barrettwithdrawnow","#barrettwithdrawnow","<[2020-10-15T20:48:23.938Z, 2020-10-15T20:54:58.921Z, 2020-10-15T20:55:11.043Z, 2020-10-15T20:55:27.307Z]>",Hashtag,,,,,,,,,,,,,,,,,,,,,0,0,0,0,12
"#perjury","#perjury","<[2020-10-15T20:48:23.938Z, 2020-10-15T20:57:17.932Z]>",Hashtag,,,,,,,,,,,,,,,,,,,,,0,0,0,0,12
"#judgeamyconeybarrett","#judgeamyconeybarrett",<[2020-10-15T20:48:24.376Z]>,Hashtag,,,,,,,,,,,,,,,,,,,,,0,0,0,0,13
"#lockhimup","#lockhimup",<[2020-10-15T20:48:52.950Z]>,Hashtag,,,,,,,,,,,,,,,,,,,,,0,0,0,0,26
"#lindseymustgo","#lindseymustgo","<[2020-10-15T20:48:52.950Z, 2020-10-15T21:13:25.369Z, 2020-10-15T21:17:51.461Z]>",Hashtag,,,,,,,,,,,,,,,,,,,,,0,0,0,0,26
"#votehimout","#votehimout",<[2020-10-15T20:48:52.950Z]>,Hashtag,,,,,,,,,,,,,,,,,,,,,0,0,0,0,26
"#jamieharrison","#jamieharrison",<[2020-10-15T20:48:52.950Z]>,Hashtag,,,,,,,,,,,,,,,,,,,,,0,0,0,0,26
"#trumptruth","#trumptruth",<[2020-10-15T20:49:08.594Z]>,Hashtag,,,,,,,,,,,,,,,,,,,,,0,0,0,0,17
"#sanctionturkey","#sanctionturkey","<[2020-10-15T20:50:04.729Z, 2020-10-15T21:08:41.305Z]>",Hashtag,,,,,,,,,,,,,,,,,,,,,0,0,0,0,38
"#sanctionazerbaijan","#sanctionazerbaijan","<[2020-10-15T20:50:04.729Z, 2020-10-15T21:08:41.305Z]>",Hashtag,,,,,,,,,,,,,,,,,,,,,0,0,0,0,38
"#laurawolk","#laurawolk","<[2020-10-15T20:50:21.251Z, 2020-10-15T20:50:41.442Z]>",Hashtag,,,,,,,,,,,,,,,,,,,,,0,0,0,0,13
"#america","#america","<[2020-10-15T20:50:21.251Z, 2020-10-15T20:50:41.442Z]>",Hashtag,,,,,,,,,,,,,,,,,,,,,0,0,0,0,13
"#votegopout","#votegopout","<[2020-10-15T20:50:32.438Z, 2020-10-15T21:17:51.601Z]>",Hashtag,,,,,,,,,,,,,,,,,,,,,0,0,0,0,12
"#democrat","#democrat",<[2020-10-15T20:50:45.581Z]>,Hashtag,,,,,,,,,,,,,,,,,,,,,0,0,0,0,39
"#triggering","#triggering",<[2020-10-15T20:50:45.581Z]>,Hashtag,,,,,,,,,,,,,,,,,,,,,0,0,0,0,39
"#dems4usa","#dems4usa",<[2020-10-15T20:50:47.984Z]>,Hashtag,,,,,,,,,,,,,,,,,,,,,0,0,0,0,12
"#russianrepublicanparty","#russianrepublicanparty",<[2020-10-15T20:51:05.993Z]>,Hashtag,,,,,,,,,,,,,,,,,,,,,0,0,0,0,26
"#gopcomplicittraitors","#gopcomplicittraitors","<[2020-10-15T20:51:05.993Z, 2020-10-15T20:57:28.456Z]>",Hashtag,,,,,,,,,,,,,,,,,,,,,0,0,0,0,26
"#gopcrimesyndicate","#gopcrimesyndicate",<[2020-10-15T20:51:05.993Z]>,Hashtag,,,,,,,,,,,,,,,,,,,,,0,0,0,0,26
"#votebluetosaveamerica2020","#votebluetosaveamerica2020",<[2020-10-15T20:51:05.993Z]>,Hashtag,,,,,,,,,,,,,,,,,,,,,0,0,0,0,26
"#climateaction","#climateaction",<[2020-10-15T20:51:35.901Z]>,Hashtag,,,,,,,,,,,,,,,,,,,,,0,0,0,0,5
"#barrettconfirmationhearing","#barrettconfirmationhearing",<[2020-10-15T20:51:38.247Z]>,Hashtag,,,,,,,,,,,,,,,,,,,,,0,0,0,0,13
"#walkaway","#walkaway","<[2020-10-15T20:52:07.535Z, 2020-10-15T21:02:15.607Z]>",Hashtag,,,,,,,,,,,,,,,,,,,,,0,0,0,0,16
"#trump2020tosaveamerica","#trump2020tosaveamerica","<[2020-10-15T20:52:07.535Z, 2020-10-15T21:13:36.611Z]>",Hashtag,,,,,,,,,,,,,,,,,,,,,0,0,0,0,16
"#gender","#gender","<[2020-10-15T20:52:17.259Z, 2020-10-15T20:53:03.587Z]>",Hashtag,,,,,,,,,,,,,,,,,,,,,0,0,0,0,40
"#lgbt","#lgbt","<[2020-10-15T20:52:17.259Z, 2020-10-15T20:53:03.587Z]>",Hashtag,,,,,,,,,,,,,,,,,,,,,0,0,0,0,40
"#jeffflake","#jeffflake",<[2020-10-15T20:52:21.101Z]>,Hashtag,,,,,,,,,,,,,,,,,,,,,0,0,0,0,17
"#she87","#she87",<[2020-10-15T20:52:41.153Z]>,Hashtag,,,,,,,,,,,,,,,,,,,,,0,0,0,0,16
"#wewantfreshblood","#wewantfreshblood",<[2020-10-15T20:52:41.153Z]>,Hashtag,,,,,,,,,,,,,,,,,,,,,0,0,0,0,16
"#biden","#biden",<[2020-10-15T20:52:58.819Z]>,Hashtag,,,,,,,,,,,,,,,,,,,,,0,0,0,0,21
"#clintons","#clintons",<[2020-10-15T20:52:58.819Z]>,Hashtag,,,,,,,,,,,,,,,,,,,,,0,0,0,0,21
"#sham","#sham",<[2020-10-15T20:53:19.241Z]>,Hashtag,,,,,,,,,,,,,,,,,,,,,0,0,0,0,13
"#makeamericagreatagain","#makeamericagreatagain",<[2020-10-15T20:53:26.717Z]>,Hashtag,,,,,,,,,,,,,,,,,,,,,0,0,0,0,16
"#theresistance","#theresistance",<[2020-10-15T20:53:26.717Z]>,Hashtag,,,,,,,,,,,,,,,,,,,,,0,0,0,0,16
"#qpoc","#qpoc",<[2020-10-15T20:54:17.533Z]>,Hashtag,,,,,,,,,,,,,,,,,,,,,0,0,0,0,41
"#women","#women",<[2020-10-15T20:54:17.533Z]>,Hashtag,,,,,,,,,,,,,,,,,,,,,0,0,0,0,41
"#originalist","#originalist","<[2020-10-15T20:54:58.921Z, 2020-10-15T20:55:11.043Z, 2020-10-15T20:55:27.307Z]>",Hashtag,,,,,,,,,,,,,,,,,,,,,0,0,0,0,12
"#m4a","#m4a",<[2020-10-15T20:55:10.179Z]>,Hashtag,,,,,,,,,,,,,,,,,,,,,0,0,0,0,42
"#medicareforall","#medicareforall",<[2020-10-15T20:55:10.179Z]>,Hashtag,,,,,,,,,,,,,,,,,,,,,0,0,0,0,42
"#termlimits","#termlimits",<[2020-10-15T20:55:11.843Z]>,Hashtag,,,,,,,,,,,,,,,,,,,,,0,0,0,0,26
"#senate","#senate",<[2020-10-15T20:55:11.843Z]>,Hashtag,,,,,,,,,,,,,,,,,,,,,0,0,0,0,26
"#feinstein","#feinstein",<[2020-10-15T20:55:11.843Z]>,Hashtag,,,,,,,,,,,,,,,,,,,,,0,0,0,0,26
"#judiciarycommittee","#judiciarycommittee",<[2020-10-15T20:55:16.651Z]>,Hashtag,,,,,,,,,,,,,,,,,,,,,0,0,0,0,26
"#voteouteveryrepublican","#voteouteveryrepublican","<[2020-10-15T20:56:49.165Z, 2020-10-15T21:00:24.403Z]>",Hashtag,,,,,,,,,,,,,,,,,,,,,0,0,0,0,26
"#voteoutthegop","#voteoutthegop",<[2020-10-15T20:57:04.726Z]>,Hashtag,,,,,,,,,,,,,,,,,,,,,0,0,0,0,12
"#voteblue2020","#voteblue2020",<[2020-10-15T20:57:17.932Z]>,Hashtag,,,,,,,,,,,,,,,,,,,,,0,0,0,0,12
"#amyconeybarrettisunfitforscotus","#amyconeybarrettisunfitforscotus",<[2020-10-15T20:57:28.456Z]>,Hashtag,,,,,,,,,,,,,,,,,,,,,0,0,0,0,26
"#trumpcrimesyndicate","#trumpcrimesyndicate",<[2020-10-15T20:57:28.456Z]>,Hashtag,,,,,,,,,,,,,,,,,,,,,0,0,0,0,26
"#scotusiscompromised","#scotusiscompromised",<[2020-10-15T20:57:28.456Z]>,Hashtag,,,,,,,,,,,,,,,,,,,,,0,0,0,0,26
"#billbarrs","#billbarrs",<[2020-10-15T20:58:03.859Z]>,Hashtag,,,,,,,,,,,,,,,,,,,,,0,0,0,0,13
"#mole","#mole",<[2020-10-15T20:58:07.403Z]>,Hashtag,,,,,,,,,,,,,,,,,,,,,0,0,0,0,26
"#swpats","#swpats",<[2020-10-15T20:58:07.403Z]>,Hashtag,,,,,,,,,,,,,,,,,,,,,0,0,0,0,26
"#republican","#republican","<[2020-10-15T20:58:39.526Z, 2020-10-15T21:04:16.130Z]>",Hashtag,,,,,,,,,,,,,,,,,,,,,0,0,0,0,16
"#limitlindseysterm","#limitlindseysterm",<[2020-10-15T20:59:10.233Z]>,Hashtag,,,,,,,,,,,,,,,,,,,,,0,0,0,0,43
"#lindseygrahamisracist","#lindseygrahamisracist",<[2020-10-15T20:59:10.233Z]>,Hashtag,,,,,,,,,,,,,,,,,,,,,0,0,0,0,43
"#lindseygrahamisaliar","#lindseygrahamisaliar",<[2020-10-15T20:59:10.233Z]>,Hashtag,,,,,,,,,,,,,,,,,,,,,0,0,0,0,43
"#authoritariansect","#authoritariansect","<[2020-10-15T20:59:52.344Z, 2020-10-15T21:00:50.520Z, 2020-10-15T21:02:23.080Z, 2020-10-15T21:03:04.244Z, 2020-10-15T21:04:02.197Z, 2020-10-15T21:05:30.686Z, 2020-10-15T21:06:09.415Z, 2020-10-15T21:07:26.367Z, 2020-10-15T21:08:44.823Z, 2020-10-15T21:09:51.232Z]>",Hashtag,,,,,,,,,,,,,,,,,,,,,0,0,0,0,5
"#coneybarrett","#coneybarrett","<[2020-10-15T20:59:52.344Z, 2020-10-15T21:00:50.520Z, 2020-10-15T21:02:23.080Z, 2020-10-15T21:03:04.244Z, 2020-10-15T21:04:02.197Z, 2020-10-15T21:05:30.686Z, 2020-10-15T21:06:09.415Z, 2020-10-15T21:07:26.367Z, 2020-10-15T21:08:44.823Z, 2020-10-15T21:09:51.232Z]>",Hashtag,,,,,,,,,,,,,,,,,,,,,0,0,0,0,5
"#demandjustice","#demandjustice",<[2020-10-15T21:00:05.413Z]>,Hashtag,,,,,,,,,,,,,,,,,,,,,0,0,0,0,13
"#racialjustice","#racialjustice",<[2020-10-15T21:00:05.413Z]>,Hashtag,,,,,,,,,,,,,,,,,,,,,0,0,0,0,13
"#racialequality","#racialequality",<[2020-10-15T21:00:05.413Z]>,Hashtag,,,,,,,,,,,,,,,,,,,,,0,0,0,0,13
"#nationalnow","#nationalnow",<[2020-10-15T21:00:05.413Z]>,Hashtag,,,,,,,,,,,,,,,,,,,,,0,0,0,0,13
"#forcedbirther","#forcedbirther",<[2020-10-15T21:00:24.403Z]>,Hashtag,,,,,,,,,,,,,,,,,,,,,0,0,0,0,26
"#thursdaymotivation","#thursdaymotivation",<[2020-10-15T21:00:28.338Z]>,Hashtag,,,,,,,,,,,,,,,,,,,,,0,0,0,0,16
"#voteforscience","#voteforscience",<[2020-10-15T21:00:38.448Z]>,Hashtag,,,,,,,,,,,,,,,,,,,,,0,0,0,0,44
"#scientistforslotkin","#scientistforslotkin",<[2020-10-15T21:00:38.448Z]>,Hashtag,,,,,,,,,,,,,,,,,,,,,0,0,0,0,44
"#mi08","#mi08",<[2020-10-15T21:00:38.448Z]>,Hashtag,,,,,,,,,,,,,,,,,,,,,0,0,0,0,44
"#sciencerising","#sciencerising",<[2020-10-15T21:00:38.448Z]>,Hashtag,,,,,,,,,,,,,,,,,,,,,0,0,0,0,44
"#votebluedowntheballot","#votebluedowntheballot",<[2020-10-15T21:01:17.747Z]>,Hashtag,,,,,,,,,,,,,,,,,,,,,0,0,0,0,19
"#dumptrump","#dumptrump",<[2020-10-15T21:02:05.272Z]>,Hashtag,,,,,,,,,,,,,,,,,,,,,0,0,0,0,6
"#nevervotedemocratagain","#nevervotedemocratagain",<[2020-10-15T21:02:15.607Z]>,Hashtag,,,,,,,,,,,,,,,,,,,,,0,0,0,0,16
"#thursdaywisdom","#thursdaywisdom",<[2020-10-15T21:02:15.607Z]>,Hashtag,,,,,,,,,,,,,,,,,,,,,0,0,0,0,16
"#kag2020","#kag2020",<[2020-10-15T21:02:15.607Z]>,Hashtag,,,,,,,,,,,,,,,,,,,,,0,0,0,0,16
"#resist","#resist",<[2020-10-15T21:02:15.607Z]>,Hashtag,,,,,,,,,,,,,,,,,,,,,0,0,0,0,16
"#firechucktodd","#firechucktodd",<[2020-10-15T21:02:15.607Z]>,Hashtag,,,,,,,,,,,,,,,,,,,,,0,0,0,0,16
"#noscotusvote","#noscotusvote",<[2020-10-15T21:02:35.977Z]>,Hashtag,,,,,,,,,,,,,,,,,,,,,0,0,0,0,17
"#evangelicals","#evangelicals",<[2020-10-15T21:02:48.272Z]>,Hashtag,,,,,,,,,,,,,,,,,,,,,0,0,0,0,45
"#catholic","#catholic",<[2020-10-15T21:02:48.272Z]>,Hashtag,,,,,,,,,,,,,,,,,,,,,0,0,0,0,45
"#catholicbishops","#catholicbishops",<[2020-10-15T21:02:48.272Z]>,Hashtag,,,,,,,,,,,,,,,,,,,,,0,0,0,0,45
"#pope","#pope",<[2020-10-15T21:02:48.272Z]>,Hashtag,,,,,,,,,,,,,,,,,,,,,0,0,0,0,45
"#stimuluschecks","#stimuluschecks",<[2020-10-15T21:03:11.710Z]>,Hashtag,,,,,,,,,,,,,,,,,,,,,0,0,0,0,0
"#unprincipled","#unprincipled","<[2020-10-15T21:03:13.217Z, 2020-10-15T21:17:27.850Z]>",Hashtag,,,,,,,,,,,,,,,,,,,,,0,0,0,0,0
"#hypocritical","#hypocritical","<[2020-10-15T21:03:13.217Z, 2020-10-15T21:17:27.850Z]>",Hashtag,,,,,,,,,,,,,,,,,,,,,0,0,0,0,0
"#powerabusing","#powerabusing","<[2020-10-15T21:03:13.217Z, 2020-10-15T21:17:27.850Z]>",Hashtag,,,,,,,,,,,,,,,,,,,,,0,0,0,0,0
"#liars","#liars","<[2020-10-15T21:03:13.217Z, 2020-10-15T21:17:27.850Z]>",Hashtag,,,,,,,,,,,,,,,,,,,,,0,0,0,0,0
"#yourvotematters","#yourvotematters",<[2020-10-15T21:04:14.492Z]>,Hashtag,,,,,,,,,,,,,,,,,,,,,0,0,0,0,0
"#voteearly","#voteearly","<[2020-10-15T21:04:14.492Z, 2020-10-15T21:05:37.287Z]>",Hashtag,,,,,,,,,,,,,,,,,,,,,0,0,0,0,0
"#voteamymcgrath","#voteamymcgrath","<[2020-10-15T21:04:14.492Z, 2020-10-15T21:17:12.960Z]>",Hashtag,,,,,,,,,,,,,,,,,,,,,0,0,0,0,0
"#votejaimeharrisonsc","#votejaimeharrisonsc",<[2020-10-15T21:04:14.492Z]>,Hashtag,,,,,,,,,,,,,,,,,,,,,0,0,0,0,0
"#aag","#aag",<[2020-10-15T21:04:16.124Z]>,Hashtag,,,,,,,,,,,,,,,,,,,,,0,0,0,0,0
"#aag2020","#aag2020",<[2020-10-15T21:04:16.124Z]>,Hashtag,,,,,,,,,,,,,,,,,,,,,0,0,0,0,0
"#rnc","#rnc",<[2020-10-15T21:04:16.130Z]>,Hashtag,,,,,,,,,,,,,,,,,,,,,0,0,0,0,0
"#november3rd","#november3rd",<[2020-10-15T21:04:16.130Z]>,Hashtag,,,,,,,,,,,,,,,,,,,,,0,0,0,0,0
"#bluetsunami","#bluetsunami","<[2020-10-15T21:04:16.130Z, 2020-10-15T21:17:12.960Z]>",Hashtag,,,,,,,,,,,,,,,,,,,,,0,0,0,0,0
"#mrcoffee","#mrcoffee",<[2020-10-15T21:05:03.228Z]>,Hashtag,,,,,,,,,,,,,,,,,,,,,0,0,0,0,0
"#twit","#twit",<[2020-10-15T21:05:03.228Z]>,Hashtag,,,,,,,,,,,,,,,,,,,,,0,0,0,0,0
"#fillthatseat","#fillthatseat",<[2020-10-15T21:05:09.466Z]>,Hashtag,,,,,,,,,,,,,,,,,,,,,0,0,0,0,0
"#ca27","#ca27",<[2020-10-15T21:05:36.067Z]>,Hashtag,,,,,,,,,,,,,,,,,,,,,0,0,0,0,0
"#votebymail","#votebymail",<[2020-10-15T21:05:36.067Z]>,Hashtag,,,,,,,,,,,,,,,,,,,,,0,0,0,0,0
"#northcarolina","#northcarolina",<[2020-10-15T21:05:37.287Z]>,Hashtag,,,,,,,,,,,,,,,,,,,,,0,0,0,0,0
"#moscowlindsey","#moscowlindsey",<[2020-10-15T21:05:42.505Z]>,Hashtag,,,,,,,,,,,,,,,,,,,,,0,0,0,0,0
"#moscowbarr","#moscowbarr",<[2020-10-15T21:05:42.505Z]>,Hashtag,,,,,,,,,,,,,,,,,,,,,0,0,0,0,0
"#moscowpence","#moscowpence",<[2020-10-15T21:05:42.505Z]>,Hashtag,,,,,,,,,,,,,,,,,,,,,0,0,0,0,0
"#sogi","#sogi",<[2020-10-15T21:05:51.215Z]>,Hashtag,,,,,,,,,,,,,,,,,,,,,0,0,0,0,0
"#txed","#txed",<[2020-10-15T21:05:51.215Z]>,Hashtag,,,,,,,,,,,,,,,,,,,,,0,0,0,0,0
"#seatamyconey","#seatamyconey",<[2020-10-15T21:05:55.422Z]>,Hashtag,,,,,,,,,,,,,,,,,,,,,0,0,0,0,0
"#voterepub2020","#voterepub2020",<[2020-10-15T21:05:55.422Z]>,Hashtag,,,,,,,,,,,,,,,,,,,,,0,0,0,0,0
"#womenshealth","#womenshealth",<[2020-10-15T21:06:05.913Z]>,Hashtag,,,,,,,,,,,,,,,,,,,,,0,0,0,0,0
"#armeniangenocide","#armeniangenocide","<[2020-10-15T21:06:08.300Z, 2020-10-15T21:08:41.305Z]>",Hashtag,,,,,,,,,,,,,,,,,,,,,0,0,0,0,0
"#artsakh","#artsakh",<[2020-10-15T21:06:08.300Z]>,Hashtag,,,,,,,,,,,,,,,,,,,,,0,0,0,0,0
"#erdogan","#erdogan",<[2020-10-15T21:06:08.300Z]>,Hashtag,,,,,,,,,,,,,,,,,,,,,0,0,0,0,0
"#azerbajian","#azerbajian",<[2020-10-15T21:06:08.300Z]>,Hashtag,,,,,,,,,,,,,,,,,,,,,0,0,0,0,0
"#goptraitors","#goptraitors",<[2020-10-15T21:06:42.149Z]>,Hashtag,,,,,,,,,,,,,,,,,,,,,0,0,0,0,0
"#cbsn","#cbsn",<[2020-10-15T21:07:03.579Z]>,Hashtag,,,,,,,,,,,,,,,,,,,,,0,0,0,0,0
"#alwayson","#alwayson",<[2020-10-15T21:07:03.579Z]>,Hashtag,,,,,,,,,,,,,,,,,,,,,0,0,0,0,0
"#bidenharriscorrupt","#bidenharriscorrupt","<[2020-10-15T21:07:38.825Z, 2020-10-15T21:10:22.217Z]>",Hashtag,,,,,,,,,,,,,,,,,,,,,0,0,0,0,0
"#joebidenukrainescandal","#joebidenukrainescandal","<[2020-10-15T21:07:38.825Z, 2020-10-15T21:10:22.217Z, 2020-10-15T21:14:30.971Z]>",Hashtag,,,,,,,,,,,,,,,,,,,,,0,0,0,0,0
"#votethegopout","#votethegopout",<[2020-10-15T21:08:13.183Z]>,Hashtag,,,,,,,,,,,,,,,,,,,,,0,0,0,0,0
"#bluewave","#bluewave",<[2020-10-15T21:08:13.183Z]>,Hashtag,,,,,,,,,,,,,,,,,,,,,0,0,0,0,0
"#endthecorruptionvoteblue","#endthecorruptionvoteblue",<[2020-10-15T21:08:13.183Z]>,Hashtag,,,,,,,,,,,,,,,,,,,,,0,0,0,0,0
"#blue","#blue","<[2020-10-15T21:08:14.518Z, 2020-10-15T21:12:44.055Z]>",Hashtag,,,,,,,,,,,,,,,,,,,,,0,0,0,0,0
"#thursday","#thursday",<[2020-10-15T21:08:37.313Z]>,Hashtag,,,,,,,,,,,,,,,,,,,,,0,0,0,0,0
"#obamacare","#obamacare",<[2020-10-15T21:08:37.313Z]>,Hashtag,,,,,,,,,,,,,,,,,,,,,0,0,0,0,0
"#storyteller","#storyteller",<[2020-10-15T21:08:37.313Z]>,Hashtag,,,,,,,,,,,,,,,,,,,,,0,0,0,0,0
"#bravo","#bravo",<[2020-10-15T21:08:42.406Z]>,Hashtag,,,,,,,,,,,,,,,,,,,,,0,0,0,0,0
"#ladies","#ladies",<[2020-10-15T21:08:42.406Z]>,Hashtag,,,,,,,,,,,,,,,,,,,,,0,0,0,0,0
"#freespeach","#freespeach",<[2020-10-15T21:08:46.151Z]>,Hashtag,,,,,,,,,,,,,,,,,,,,,0,0,0,0,0
"#firstamendment","#firstamendment",<[2020-10-15T21:08:46.151Z]>,Hashtag,,,,,,,,,,,,,,,,,,,,,0,0,0,0,0
"#fivefreedoms","#fivefreedoms",<[2020-10-15T21:08:46.151Z]>,Hashtag,,,,,,,,,,,,,,,,,,,,,0,0,0,0,0
"#feminism","#feminism",<[2020-10-15T21:08:48.528Z]>,Hashtag,,,,,,,,,,,,,,,,,,,,,0,0,0,0,0
"#rgb","#rgb",<[2020-10-15T21:08:52.880Z]>,Hashtag,,,,,,,,,,,,,,,,,,,,,0,0,0,0,0
"#liberal","#liberal","<[2020-10-15T21:08:52.880Z, 2020-10-15T21:13:13.059Z]>",Hashtag,,,,,,,,,,,,,,,,,,,,,0,0,0,0,0
"#senatorwhitehouse","#senatorwhitehouse",<[2020-10-15T21:09:32.043Z]>,Hashtag,,,,,,,,,,,,,,,,,,,,,0,0,0,0,0
"#senatehearing","#senatehearing",<[2020-10-15T21:10:28.902Z]>,Hashtag,,,,,,,,,,,,,,,,,,,,,0,0,0,0,0
"#presidentialelection2020","#presidentialelection2020",<[2020-10-15T21:10:28.902Z]>,Hashtag,,,,,,,,,,,,,,,,,,,,,0,0,0,0,0
"#bushvgore","#bushvgore",<[2020-10-15T21:10:28.902Z]>,Hashtag,,,,,,,,,,,,,,,,,,,,,0,0,0,0,0
"#recusing","#recusing",<[2020-10-15T21:10:28.902Z]>,Hashtag,,,,,,,,,,,,,,,,,,,,,0,0,0,0,0
"#voterecounts","#voterecounts",<[2020-10-15T21:10:28.902Z]>,Hashtag,,,,,,,,,,,,,,,,,,,,,0,0,0,0,0
"#blacklivesmatter","#blacklivesmatter",<[2020-10-15T21:10:43.207Z]>,Hashtag,,,,,,,,,,,,,,,,,,,,,0,0,0,0,0
"#stoplyingtrump","#stoplyingtrump",<[2020-10-15T21:11:15.420Z]>,Hashtag,,,,,,,,,,,,,,,,,,,,,0,0,0,0,0
"#liartrump","#liartrump",<[2020-10-15T21:11:15.420Z]>,Hashtag,,,,,,,,,,,,,,,,,,,,,0,0,0,0,0
"#losertrump","#losertrump",<[2020-10-15T21:11:15.420Z]>,Hashtag,,,,,,,,,,,,,,,,,,,,,0,0,0,0,0
"#wethepeople","#wethepeople",<[2020-10-15T21:11:24.790Z]>,Hashtag,,,,,,,,,,,,,,,,,,,,,0,0,0,0,0
"#trumplied200kdied","#trumplied200kdied","<[2020-10-15T21:12:34.210Z, 2020-10-15T21:16:39.144Z]>",Hashtag,,,,,,,,,,,,,,,,,,,,,0,0,0,0,0
"#ladyg","#ladyg","<[2020-10-15T21:13:25.369Z, 2020-10-15T21:15:05.773Z, 2020-10-15T21:17:51.461Z]>",Hashtag,,,,,,,,,,,,,,,,,,,,,0,0,0,0,0
"#trump2020bestpresidentever","#trump2020bestpresidentever",<[2020-10-15T21:13:36.611Z]>,Hashtag,,,,,,,,,,,,,,,,,,,,,0,0,0,0,0
"#trump2020nowmorethanever","#trump2020nowmorethanever",<[2020-10-15T21:13:36.611Z]>,Hashtag,,,,,,,,,,,,,,,,,,,,,0,0,0,0,0
"#trump2020landslide","#trump2020landslide",<[2020-10-15T21:13:36.611Z]>,Hashtag,,,,,,,,,,,,,,,,,,,,,0,0,0,0,0
"#emoluments","#emoluments",<[2020-10-15T21:13:49.828Z]>,Hashtag,,,,,,,,,,,,,,,,,,,,,0,0,0,0,0
"#democratic","#democratic",<[2020-10-15T21:13:49.828Z]>,Hashtag,,,,,,,,,,,,,,,,,,,,,0,0,0,0,0
"#otd","#otd",<[2020-10-15T21:14:30.404Z]>,Hashtag,,,,,,,,,,,,,,,,,,,,,0,0,0,0,0
"#unconstitutional","#unconstitutional",<[2020-10-15T21:14:30.404Z]>,Hashtag,,,,,,,,,,,,,,,,,,,,,0,0,0,0,0
"#censorship2020","#censorship2020",<[2020-10-15T21:14:30.971Z]>,Hashtag,,,,,,,,,,,,,,,,,,,,,0,0,0,0,0
"#ladygraham","#ladygraham",<[2020-10-15T21:15:05.773Z]>,Hashtag,,,,,,,,,,,,,,,,,,,,,0,0,0,0,0
"#memotosenategop","#memotosenategop",<[2020-10-15T21:15:08.056Z]>,Hashtag,,,,,,,,,,,,,,,,,,,,,0,0,0,0,0
"#democracy","#democracy",<[2020-10-15T21:15:17.322Z]>,Hashtag,,,,,,,,,,,,,,,,,,,,,0,0,0,0,0
"#dotherightthing","#dotherightthing",<[2020-10-15T21:15:17.322Z]>,Hashtag,,,,,,,,,,,,,,,,,,,,,0,0,0,0,0
"#senategop","#senategop",<[2020-10-15T21:15:43.991Z]>,Hashtag,,,,,,,,,,,,,,,,,,,,,0,0,0,0,0
"#difi","#difi",<[2020-10-15T21:15:56.980Z]>,Hashtag,,,,,,,,,,,,,,,,,,,,,0,0,0,0,0
"#justsaying","#justsaying",<[2020-10-15T21:16:14.592Z]>,Hashtag,,,,,,,,,,,,,,,,,,,,,0,0,0,0,0
"#fakepresident","#fakepresident",<[2020-10-15T21:16:17.055Z]>,Hashtag,,,,,,,,,,,,,,,,,,,,,0,0,0,0,0
"#nov3rdflushtheturd","#nov3rdflushtheturd",<[2020-10-15T21:16:17.055Z]>,Hashtag,,,,,,,,,,,,,,,,,,,,,0,0,0,0,0
"#trumphasnoplan","#trumphasnoplan",<[2020-10-15T21:16:17.055Z]>,Hashtag,,,,,,,,,,,,,,,,,,,,,0,0,0,0,0
"#trumpvirusdeathtoll215k","#trumpvirusdeathtoll215k",<[2020-10-15T21:16:17.055Z]>,Hashtag,,,,,,,,,,,,,,,,,,,,,0,0,0,0,0
"#harrisislying","#harrisislying",<[2020-10-15T21:16:35.355Z]>,Hashtag,,,,,,,,,,,,,,,,,,,,,0,0,0,0,0
"#whatisharrishiding","#whatisharrishiding",<[2020-10-15T21:16:35.355Z]>,Hashtag,,,,,,,,,,,,,,,,,,,,,0,0,0,0,0
"#rbgsdyingwish","#rbgsdyingwish",<[2020-10-15T21:16:39.144Z]>,Hashtag,,,,,,,,,,,,,,,,,,,,,0,0,0,0,0
"#trumpisacoward","#trumpisacoward",<[2020-10-15T21:16:39.144Z]>,Hashtag,,,,,,,,,,,,,,,,,,,,,0,0,0,0,0
"#rbglegacy","#rbglegacy",<[2020-10-15T21:16:39.144Z]>,Hashtag,,,,,,,,,,,,,,,,,,,,,0,0,0,0,0
"#berniesanders","#berniesanders",<[2020-10-15T21:16:39.144Z]>,Hashtag,,,,,,,,,,,,,,,,,,,,,0,0,0,0,0
"#workers","#workers",<[2020-10-15T21:17:34.365Z]>,Hashtag,,,,,,,,,,,,,,,,,,,,,0,0,0,0,0
"#janusvafscme","#janusvafscme",<[2020-10-15T21:17:34.365Z]>,Hashtag,,,,,,,,,,,,,,,,,,,,,0,0,0,0,0
"#sendmitchhome","#sendmitchhome",<[2020-10-15T21:17:36.404Z]>,Hashtag,,,,,,,,,,,,,,,,,,,,,0,0,0,0,0
"#sendlindseyhome","#sendlindseyhome",<[2020-10-15T21:17:36.404Z]>,Hashtag,,,,,,,,,,,,,,,,,,,,,0,0,0,0,0
"#jaimeharrisonsc","#jaimeharrisonsc",<[2020-10-15T21:17:39.177Z]>,Hashtag,,,,,,,,,,,,,,,,,,,,,0,0,0,0,0
"#voteoutbensasse","#voteoutbensasse",<[2020-10-15T21:17:51.601Z]>,Hashtag,,,,,,,,,,,,,,,,,,,,,0,0,0,0,0
